variant,run,test_size,ep_reward,mean_pairwise_distance,max_pairwise_distance,distance_to_com,min_distance_to_evader,capture_time,ep_length,converged,train_size
embed_dim128,1,4,-105.42100020715036,,,,3.021132905483246,224.2020202020202,232.2,0.99,4
embed_dim128,1,8,-79.76585499960929,,,,3.4058620285987855,182.27631578947367,384.29,0.76,4
embed_dim128,1,16,-65.3845184439607,,,,3.37205974817276,259.58620689655174,580.64,0.58,4
embed_dim128,1,32,-48.85561235269532,,,,3.3742227363586426,367.0933333333333,531.32,0.75,4
embed_dim128,1,50,-50.8500481983833,,,,3.1598120617866514,265.16326530612247,652.17,0.49,4
embed_dim128,1,100,-16.313202541144566,,,,3.0850549483299257,109.51724137931035,228.4,0.87,4
embed_dim128,2,4,-169.9306092138309,,,,3.4219230103492735,344.7263157894737,378.69,0.95,4
embed_dim128,2,8,-69.82015900356696,,,,2.5620543789863586,234.61,234.61,1.0,4
embed_dim128,2,16,-80.44889207422733,,,,2.5460364818573,328.17,328.17,1.0,4
embed_dim128,2,32,-111.56792764559388,,,,3.2463398678134188,557.3736263736264,599.37,0.91,4
embed_dim128,2,50,-92.89791251320392,,,,5.260116536617279,383.69565217391306,582.19,0.69,4
embed_dim128,2,100,-5.589854832878336,,,,3.1266151785850527,60.5,60.5,1.0,4
embed_dim128,3,4,-239.8646869364381,,,,7.583580112457275,,1024.0,0.0,4
embed_dim128,3,8,-270.921991375722,,,,11.586495051383972,574.5769230769231,907.15,0.26,4
embed_dim128,3,16,-83.67525750473607,,,,3.2544955658912658,347.62105263157895,381.44,0.95,4
embed_dim128,3,32,-17.933928437782452,,,,3.054864344596863,108.68,108.68,1.0,4
embed_dim128,3,50,-7.995419432232157,,,,3.0658155941963194,58.36,58.36,1.0,4
embed_dim128,3,100,-2.6970940194977446,,,,2.9911618065834045,25.69,25.69,1.0,4
embed_dim128,4,4,-338.5878460347652,,,,12.627919960021973,,1024.0,0.0,4
embed_dim128,4,8,-355.3653264723346,,,,15.630157749652863,578.3846153846154,966.07,0.13,4
embed_dim128,4,16,-160.09678745130077,,,,4.819002027511597,468.9879518072289,563.34,0.83,4
embed_dim128,4,32,-42.848102113259955,,,,3.121580801010132,192.13131313131314,200.45,0.99,4
embed_dim128,4,50,-10.311917333928868,,,,3.046243634223938,66.94,66.94,1.0,4
embed_dim128,4,100,-3.0457765691448,,,,3.002016727370445,28.39,28.39,1.0,4
embed_dim128,5,4,-498.31561302036044,,,,23.223402366638183,,1024.0,0.0,4
embed_dim128,5,8,-328.77301163226366,,,,15.533473358154296,,1024.0,0.0,4
embed_dim128,5,16,-220.55848812803626,,,,10.391198370456696,,1024.0,0.0,4
embed_dim128,5,32,-73.49060513557866,,,,3.6320476055145265,398.0348837209302,485.67,0.86,4
embed_dim128,5,50,-23.401639189086854,,,,3.0640708875656126,169.6,169.6,1.0,4
embed_dim128,5,100,-6.857847959343344,,,,2.9082896757125853,61.4,61.4,1.0,4
embed_dim16,1,4,-166.81377211581915,,,,3.658804795742035,319.74468085106383,362.0,0.94,4
embed_dim16,1,8,-286.1990913109854,,,,15.051940705776214,244.5,992.82,0.04,4
embed_dim16,1,16,-140.2908788147103,,,,7.02645881652832,346.3835616438356,529.34,0.73,4
embed_dim16,1,32,-20.352175233997404,,,,3.0668546175956726,142.36,142.36,1.0,4
embed_dim16,1,50,-7.379428194649518,,,,2.9989112758636476,60.75,60.75,1.0,4
embed_dim16,1,100,-2.3509364016819747,,,,2.919349354926986,23.13,23.13,1.0,4
embed_dim16,2,4,-94.9792160506174,,,,2.4481876063346864,223.35,223.35,1.0,4
embed_dim16,2,8,-401.80724176980556,,,,16.535534496307374,613.4411764705883,884.41,0.34,4
embed_dim16,2,16,-453.24900344695897,,,,23.493973426818847,,1024.0,0.0,4
embed_dim16,2,32,-411.7479764263425,,,,22.18884014606476,25.4,974.07,0.05,4
embed_dim16,2,50,-262.70183297192676,,,,15.596295425891876,27.666666666666668,665.32,0.36,4
embed_dim16,2,100,-77.4808880973328,,,,6.784652748493233,18.185185185185187,209.29,0.81,4
embed_dim16,3,4,-74.71132330276072,,,,2.611612551212311,168.52,168.52,1.0,4
embed_dim16,3,8,-332.4531246030331,,,,13.352824547290801,479.4761904761905,795.3,0.42,4
embed_dim16,3,16,-447.70779920846223,,,,21.91544414520264,650.4,1005.32,0.05,4
embed_dim16,3,32,-431.62129480434584,,,,23.064669620990752,22.0,993.94,0.03,4
embed_dim16,3,50,-372.981578372065,,,,20.668152928352356,37.142857142857146,885.84,0.14,4
embed_dim16,3,100,-123.25316195105202,,,,8.878679829414445,30.47887323943662,318.6,0.71,4
embed_dim16,4,4,-85.4341639570333,,,,2.5149927806854246,186.32,186.32,1.0,4
embed_dim16,4,8,-200.84473986424507,,,,4.509088754653931,376.7586206896552,460.9,0.87,4
embed_dim16,4,16,-398.4946391555667,,,,15.62046276807785,573.0,861.64,0.36,4
embed_dim16,4,32,-437.57077592894433,,,,18.08520977020264,824.0,988.0,0.18,4
embed_dim16,4,50,-422.7235478008166,,,,18.0228218126297,722.5833333333334,987.83,0.12,4
embed_dim16,4,100,-386.65574991142375,,,,17.170225856304167,500.6666666666667,945.5,0.15,4
embed_dim16,5,4,-74.33882024921012,,,,2.744441990852356,180.56,180.56,1.0,4
embed_dim16,5,8,-49.70475073130801,,,,3.025890510082245,189.07608695652175,255.87,0.92,4
embed_dim16,5,16,-40.55594197779894,,,,2.644687628746033,250.78125,281.71,0.96,4
embed_dim16,5,32,-35.49363553499803,,,,2.804661328792572,207.35164835164835,280.85,0.91,4
embed_dim16,5,50,-25.819658868834377,,,,2.622530584335327,214.17708333333334,246.57,0.96,4
embed_dim16,5,100,-14.826460218625144,,,,2.8451984362168745,130.53608247422682,157.34,0.97,4
embed_dim32,1,4,-103.80706535770558,,,,2.6651816725730897,226.7979797979798,234.77,0.99,4
embed_dim32,1,8,-91.7388388184458,,,,2.7974266314506533,309.7244897959184,324.01,0.98,4
embed_dim32,1,16,-65.21297372324392,,,,2.563319146633148,336.33,336.33,1.0,4
embed_dim32,1,32,-13.416876423512585,,,,2.9218846416473387,89.16,89.16,1.0,4
embed_dim32,1,50,-5.102205546731129,,,,2.9679474329948423,39.56,39.56,1.0,4
embed_dim32,1,100,-1.9088737001502887,,,,2.9683301043510437,18.84,18.84,1.0,4
embed_dim32,2,4,-79.7347646951396,,,,2.54666387796402,193.85,193.85,1.0,4
embed_dim32,2,8,-113.9460616534017,,,,2.5333685207366945,476.6354166666667,498.53,0.96,4
embed_dim32,2,16,-103.37518244106323,,,,2.9911642194998387,442.6818181818182,512.44,0.88,4
embed_dim32,2,32,-92.49442559504881,,,,3.791901090145111,401.86301369863014,569.84,0.73,4
embed_dim32,2,50,-63.09707543808967,,,,3.4282457419116086,375.51190476190476,479.27,0.84,4
embed_dim32,2,100,-16.71041340366006,,,,3.1197933745384216,137.85714285714286,155.58,0.98,4
embed_dim32,3,4,-134.36884909212588,,,,2.688823630809784,316.58,316.58,1.0,4
embed_dim32,3,8,-368.6488616510853,,,,16.30313719511032,497.0740740740741,881.73,0.27,4
embed_dim32,3,16,-440.6676371011883,,,,23.425241503715515,,1024.0,0.0,4
embed_dim32,3,32,-360.75688483629375,,,,20.996366198062898,101.18181818181819,922.49,0.11,4
embed_dim32,3,50,-205.91775432884694,,,,13.261466886997223,98.75,579.88,0.48,4
embed_dim32,3,100,-20.93624570504762,,,,3.775399298667908,44.416666666666664,83.6,0.96,4
embed_dim32,4,4,-134.79132111364976,,,,3.4205152344703675,279.1041666666667,308.9,0.96,4
embed_dim32,4,8,-289.2427446827665,,,,10.488575060367584,540.5283018867924,767.76,0.53,4
embed_dim32,4,16,-299.1425202549249,,,,15.931469068527221,658.8571428571429,998.44,0.07,4
embed_dim32,4,32,-56.570631665363905,,,,4.610389976501465,192.91860465116278,309.27,0.86,4
embed_dim32,4,50,-8.733342363778501,,,,2.9504561376571656,76.5,76.5,1.0,4
embed_dim32,4,100,-2.613110753353685,,,,2.951993785723291,28.24,28.24,1.0,4
embed_dim32,5,4,-247.4821055864915,,,,7.665429465770721,396.3150684931507,565.79,0.73,4
embed_dim32,5,8,-259.4982689864002,,,,10.553347787857057,471.2894736842105,813.97,0.38,4
embed_dim32,5,16,-135.0333812899515,,,,5.459289314746857,435.85135135135135,588.77,0.74,4
embed_dim32,5,32,-34.46666566103697,,,,3.1151226449012754,203.68,203.68,1.0,4
embed_dim32,5,50,-10.95384710664046,,,,3.1341098952293396,81.91,81.91,1.0,4
embed_dim32,5,100,-2.5021502027707174,,,,2.9955145710646502,24.36,24.36,1.0,4
embed_dim4,1,4,-302.0033800377324,,,,7.366868324279785,441.17721518987344,563.57,0.79,4
embed_dim4,1,8,-112.99788154477254,,,,2.7808036255836486,356.79,356.79,1.0,4
embed_dim4,1,16,-61.47237372368574,,,,2.6442222452163695,322.59183673469386,336.62,0.98,4
embed_dim4,1,32,-32.68186480823904,,,,2.725444009304047,230.31,230.31,1.0,4
embed_dim4,1,50,-12.46591059946455,,,,3.0111810823883673,99.32,99.32,1.0,4
embed_dim4,1,100,-3.0345583748910574,,,,2.9301953267569494,28.21,28.21,1.0,4
embed_dim4,2,4,-405.88341052724047,,,,11.594787738323213,527.5833333333334,726.15,0.6,4
embed_dim4,2,8,-155.65395940557121,,,,3.7824365496635437,361.2087912087912,420.86,0.91,4
embed_dim4,2,16,-60.22203732797876,,,,2.9316061830520628,237.2,237.2,1.0,4
embed_dim4,2,32,-15.669271485190839,,,,3.014556269645691,85.93,85.93,1.0,4
embed_dim4,2,50,-6.290159613820724,,,,2.9168414298934167,44.63,44.63,1.0,4
embed_dim4,2,100,-2.4729046024137644,,,,3.003780454096168,23.39,23.39,1.0,4
embed_dim4,3,4,-322.8525270169228,,,,10.886074185371399,,1024.0,0.0,4
embed_dim4,3,8,-349.7386477581039,,,,16.277100958824157,,1024.0,0.0,4
embed_dim4,3,16,-234.5552707798779,,,,10.687175102233887,453.25,909.85,0.2,4
embed_dim4,3,32,-74.42922890048008,,,,3.6676231813430786,321.15384615384613,384.41,0.91,4
embed_dim4,3,50,-9.224775577010586,,,,2.9370461893081665,65.0,65.0,1.0,4
embed_dim4,3,100,-2.9202502669091337,,,,2.910301721096039,27.41,27.41,1.0,4
embed_dim4,4,4,-147.23424368141218,,,,2.5576760005950927,304.53,304.53,1.0,4
embed_dim4,4,8,-135.671364853736,,,,5.698781449794769,210.38181818181818,576.51,0.55,4
embed_dim4,4,16,-144.91395049674438,,,,7.07195960521698,230.41860465116278,682.76,0.43,4
embed_dim4,4,32,-134.21052128536627,,,,6.478705682754517,405.1,714.55,0.5,4
embed_dim4,4,50,-127.9956223502569,,,,6.397097344398499,399.8775510204082,718.18,0.49,4
embed_dim4,4,100,-93.50009931512177,,,,5.4485215755424115,252.94736842105263,584.5,0.57,4
embed_dim4,5,4,-454.52477006204424,,,,15.722036890983581,616.8444444444444,840.78,0.45,4
embed_dim4,5,8,-139.03219658507035,,,,3.502127730846405,400.3020833333333,425.25,0.96,4
embed_dim4,5,16,-33.224577273763714,,,,2.994991211891174,164.81,164.81,1.0,4
embed_dim4,5,32,-12.223954000528902,,,,2.946960382461548,88.36,88.36,1.0,4
embed_dim4,5,50,-6.873673292500898,,,,3.006041634082794,56.17,56.17,1.0,4
embed_dim4,5,100,-2.66562050544424,,,,2.903861062526703,27.39,27.39,1.0,4
embed_dim64,1,4,-90.94223896477371,,,,2.516210188865662,230.47,230.47,1.0,4
embed_dim64,1,8,-82.90264287669211,,,,2.33591534614563,317.2,317.2,1.0,4
embed_dim64,1,16,-106.33545233763755,,,,2.379806225299835,489.37113402061857,505.41,0.97,4
embed_dim64,1,32,-73.67453910574316,,,,2.4512479972839354,481.6326530612245,492.48,0.98,4
embed_dim64,1,50,-52.84658572373912,,,,3.1499478960037233,341.6170212765957,382.56,0.94,4
embed_dim64,1,100,-10.111934259030969,,,,3.242216560029492,53.95918367346939,73.36,0.98,4
embed_dim64,2,4,-86.24537588513456,,,,2.611062836647034,187.65,187.65,1.0,4
embed_dim64,2,8,-61.52849003836513,,,,2.4498368072509766,216.46,216.46,1.0,4
embed_dim64,2,16,-260.24880950272086,,,,14.541483194828034,,1024.0,0.0,4
embed_dim64,2,32,-217.86242344098164,,,,11.450737347602844,29.933333333333334,874.89,0.15,4
embed_dim64,2,50,-160.41646465752274,,,,9.446798648834228,38.51282051282051,639.66,0.39,4
embed_dim64,2,100,-27.865213151406497,,,,3.9058803741378014,18.522222222222222,119.07,0.9,4
embed_dim64,3,4,-83.135556206326,,,,2.6240919399261475,206.02,206.02,1.0,4
embed_dim64,3,8,-267.9054153709486,,,,10.2483744597435,447.72222222222223,712.81,0.54,4
embed_dim64,3,16,-224.71239172384142,,,,9.068685901165008,648.2830188679245,824.87,0.53,4
embed_dim64,3,32,-110.60964592855424,,,,6.056589438915252,326.7586206896552,619.6,0.58,4
embed_dim64,3,50,-53.96064299302176,,,,4.1529118752479555,190.08,398.56,0.75,4
embed_dim64,3,100,-7.243066979721188,,,,3.1311475652636904,50.16161616161616,59.9,0.99,4
embed_dim64,4,4,-103.67190849088831,,,,2.9107544469833373,237.45454545454547,245.32,0.99,4
embed_dim64,4,8,-454.5902579644322,,,,23.479203062057493,,1024.0,0.0,4
embed_dim64,4,16,-262.05007229778914,,,,14.173495881557464,475.0,1013.02,0.02,4
embed_dim64,4,32,-67.40894405739382,,,,3.873043627738953,306.3103448275862,399.61,0.87,4
embed_dim64,4,50,-14.117359966705553,,,,2.9414850878715515,104.66,104.66,1.0,4
embed_dim64,4,100,-3.0790550636057743,,,,2.908020327789615,28.88,28.88,1.0,4
embed_dim64,5,4,-179.42397743068636,,,,4.009615561962128,459.1666666666667,515.65,0.9,4
embed_dim64,5,8,-233.54316551113502,,,,7.207596926689148,801.9166666666666,997.35,0.12,4
embed_dim64,5,16,-124.61319205746055,,,,4.323974142074585,518.3026315789474,639.67,0.76,4
embed_dim64,5,32,-46.166596693415194,,,,3.2330219864845278,299.96938775510205,314.45,0.98,4
embed_dim64,5,50,-22.517201811112464,,,,3.1106809973716736,201.84,201.84,1.0,4
embed_dim64,5,100,-7.723403804069385,,,,2.972262592315674,90.02,90.02,1.0,4
embed_dim8,1,4,-153.88480829571373,,,,2.9082592272758485,348.0612244897959,361.58,0.98,4
embed_dim8,1,8,-377.5201288531721,,,,17.99371197938919,563.4166666666666,968.73,0.12,4
embed_dim8,1,16,-138.35855152411386,,,,5.351848723888398,442.6969696969697,640.34,0.66,4
embed_dim8,1,32,-25.754310328140853,,,,2.9585166549682618,157.1,157.1,1.0,4
embed_dim8,1,50,-12.550092737758533,,,,2.9969013714790345,91.27,91.27,1.0,4
embed_dim8,1,100,-2.7816329522896557,,,,3.0179203471752127,28.18,28.18,1.0,4
embed_dim8,2,4,-172.2478809403721,,,,3.6094585847854614,346.6875,373.78,0.96,4
embed_dim8,2,8,-87.56030031111091,,,,2.3148327684402465,432.05405405405406,585.96,0.74,4
embed_dim8,2,16,-84.92191280849278,,,,2.712302892208099,503.1111111111111,883.36,0.27,4
embed_dim8,2,32,-66.10748262375942,,,,3.244883606433868,67.4375,717.9,0.32,4
embed_dim8,2,50,-46.115296146180484,,,,3.3401093435287477,62.24074074074074,504.65,0.54,4
embed_dim8,2,100,-6.905350495669991,,,,3.0669738210812962,26.74736842105263,76.61,0.95,4
embed_dim8,3,4,-79.06718194893095,,,,2.583928918838501,162.56,162.56,1.0,4
embed_dim8,3,8,-177.86540375273674,,,,5.41985719203949,380.5243902439024,496.35,0.82,4
embed_dim8,3,16,-182.49157134057953,,,,6.991848871707917,452.32142857142856,703.86,0.56,4
embed_dim8,3,32,-18.51924418254406,,,,3.0446616530418398,112.85,112.85,1.0,4
embed_dim8,3,50,-5.66546595490654,,,,2.905185115337372,42.72,42.72,1.0,4
embed_dim8,3,100,-2.0595575198344886,,,,2.9239245867729187,19.48,19.48,1.0,4
embed_dim8,4,4,-97.18448624521494,,,,2.584965841770172,213.87,213.87,1.0,4
embed_dim8,4,8,-70.17753474408761,,,,2.403171594142914,242.55555555555554,250.37,0.99,4
embed_dim8,4,16,-55.363174009770155,,,,3.0025903463363646,271.7878787878788,279.31,0.99,4
embed_dim8,4,32,-22.77961586375255,,,,3.0096403837203978,159.1,159.1,1.0,4
embed_dim8,4,50,-7.609706334359944,,,,3.012613113480385,64.86,64.86,1.0,4
embed_dim8,4,100,-1.7784637259785085,,,,2.982425581325184,18.15,18.15,1.0,4
embed_dim8,5,4,-252.3085255227983,,,,6.636752338409424,401.2738095238095,500.91,0.84,4
embed_dim8,5,8,-111.73330770691857,,,,3.3833170628547666,313.5104166666667,341.93,0.96,4
embed_dim8,5,16,-56.05042935391888,,,,3.031238865852356,226.68686868686868,234.66,0.99,4
embed_dim8,5,32,-14.453292270274833,,,,2.996447172164917,80.64,80.64,1.0,4
embed_dim8,5,50,-5.587449788283557,,,,3.085130546092987,38.74,38.74,1.0,4
embed_dim8,5,100,-1.8220616330439225,,,,3.040017475887221,17.5,17.5,1.0,4
embed_dim128,1,4,-640.2706544921547,,,,29.510770263671876,,1024.0,0.0,16
embed_dim128,1,8,-507.9075318730622,,,,24.612513210773468,158.0,1015.34,0.01,16
embed_dim128,1,16,-404.9756398273632,,,,20.61095979452133,205.0,1015.81,0.01,16
embed_dim128,1,32,-272.27018607836214,,,,12.16228749036789,446.23809523809524,902.67,0.21,16
embed_dim128,1,50,-148.5688616720494,,,,6.060271410942078,367.6,630.16,0.6,16
embed_dim128,1,100,-15.904523190041072,,,,3.1254456663131713,91.1919191919192,100.52,0.99,16
embed_dim128,2,4,-330.3030494176596,,,,9.209994869232178,429.7361111111111,596.13,0.72,16
embed_dim128,2,8,-142.70005494533106,,,,3.8524951434135435,333.1595744680851,374.61,0.94,16
embed_dim128,2,16,-40.66888883449137,,,,2.9022058701515197,162.66,162.66,1.0,16
embed_dim128,2,32,-13.275423557125032,,,,2.959752388000488,78.18,78.18,1.0,16
embed_dim128,2,50,-6.9058983086049555,,,,3.009428563117981,50.63,50.63,1.0,16
embed_dim128,2,100,-3.084596052104607,,,,2.881179602146149,28.89,28.89,1.0,16
embed_dim128,3,4,-895.9347847506032,,,,45.9288796043396,,1024.0,0.0,16
embed_dim128,3,8,-785.0011378443241,,,,39.48914564132691,,1024.0,0.0,16
embed_dim128,3,16,-707.4818175089359,,,,37.08375017166138,,1024.0,0.0,16
embed_dim128,3,32,-644.1258210131153,,,,34.11416616439819,,1024.0,0.0,16
embed_dim128,3,50,-610.0099036388099,,,,32.75313423156738,,1024.0,0.0,16
embed_dim128,3,100,-532.3143037002906,,,,29.454140276908873,20.0,963.76,0.06,16
embed_dim128,4,4,-713.3851813032851,,,,33.563401865959165,,1024.0,0.0,16
embed_dim128,4,8,-444.71598386107013,,,,19.453839745521545,586.6,1002.13,0.05,16
embed_dim128,4,16,-243.31496483076364,,,,9.882032601833343,531.2075471698113,762.82,0.53,16
embed_dim128,4,32,-73.50048400469124,,,,3.5701773881912233,344.68367346938777,358.27,0.98,16
embed_dim128,4,50,-34.86499774254858,,,,3.1052982115745547,214.44,214.44,1.0,16
embed_dim128,4,100,-12.279470694363118,,,,3.0841339019813923,103.88,103.88,1.0,16
embed_dim128,5,4,-747.6940552056208,,,,37.27524899482727,,1024.0,0.0,16
embed_dim128,5,8,-612.2437879946456,,,,30.251709575653077,,1024.0,0.0,16
embed_dim128,5,16,-456.21098874244836,,,,21.00931979417801,196.75,990.91,0.04,16
embed_dim128,5,32,-237.22228816539982,,,,7.584776947498321,287.61538461538464,832.54,0.26,16
embed_dim128,5,50,-153.69053995610216,,,,6.242291250228882,148.92307692307693,682.72,0.39,16
embed_dim128,5,100,-20.90508943342604,,,,3.5808423590660095,36.68478260869565,115.67,0.92,16
embed_dim16,1,4,-530.0047832727805,,,,26.175704069137574,277.0,1016.53,0.01,16
embed_dim16,1,8,-260.2231059927121,,,,9.487394831180573,489.2280701754386,719.18,0.57,16
embed_dim16,1,16,-23.364687748113646,,,,2.934361290931702,102.58,102.58,1.0,16
embed_dim16,1,32,-7.824524921439588,,,,2.898289918899536,51.48,51.48,1.0,16
embed_dim16,1,50,-4.2630010041967035,,,,2.814766881465912,37.17,37.17,1.0,16
embed_dim16,1,100,-2.2854261643160134,,,,2.946796022280298,23.21,23.21,1.0,16
embed_dim16,2,4,-451.0687672454119,,,,21.336037473678587,,1024.0,0.0,16
embed_dim16,2,8,-280.60564440909775,,,,13.52425682067871,,1024.0,0.0,16
embed_dim16,2,16,-66.09086384136229,,,,3.338845636844635,320.28125,348.43,0.96,16
embed_dim16,2,32,-11.993994228551164,,,,2.929038634300232,78.45,78.45,1.0,16
embed_dim16,2,50,-6.0689800134580585,,,,2.951886410713196,48.2,48.2,1.0,16
embed_dim16,2,100,-2.1774996145255865,,,,2.9349309611320495,21.14,21.14,1.0,16
embed_dim16,3,4,-509.5191058864631,,,,23.020345430374146,564.3333333333334,982.63,0.09,16
embed_dim16,3,8,-339.57747239424845,,,,14.217651541233062,576.5428571428571,867.39,0.35,16
embed_dim16,3,16,-87.00685421779752,,,,3.185411505699158,279.9587628865979,302.28,0.97,16
embed_dim16,3,32,-12.990802348982543,,,,2.782081971168518,70.65,70.65,1.0,16
embed_dim16,3,50,-5.621268103737384,,,,2.9430521392822264,40.46,40.46,1.0,16
embed_dim16,3,100,-2.0294324276503177,,,,2.958068628700412,19.79,19.79,1.0,16
embed_dim16,4,4,-601.7540421974659,,,,29.340693187713622,,1024.0,0.0,16
embed_dim16,4,8,-379.1363867855072,,,,17.35411498069763,,1024.0,0.0,16
embed_dim16,4,16,-215.87068332888185,,,,10.39810929775238,,1024.0,0.0,16
embed_dim16,4,32,-120.7464408197254,,,,5.1791198492050174,647.5238095238095,944.94,0.21,16
embed_dim16,4,50,-77.23194877320901,,,,4.0421622109413144,433.48979591836735,734.65,0.49,16
embed_dim16,4,100,-38.57992712493986,,,,3.5001125836372378,145.768115942029,418.02,0.69,16
embed_dim16,5,4,-553.2809181366861,,,,26.23909146308899,,1024.0,0.0,16
embed_dim16,5,8,-400.0181311052479,,,,18.311041231155397,639.4285714285714,997.08,0.07,16
embed_dim16,5,16,-143.60613895161077,,,,4.7450837230682374,414.1309523809524,511.71,0.84,16
embed_dim16,5,32,-22.219741404093803,,,,2.994604048728943,118.95,118.95,1.0,16
embed_dim16,5,50,-8.812220469117165,,,,2.8631974506378173,60.73,60.73,1.0,16
embed_dim16,5,100,-3.2861941913701593,,,,2.9157670521736145,31.0,31.0,1.0,16
embed_dim32,1,4,-610.3445216666908,,,,31.558005876541138,,1024.0,0.0,16
embed_dim32,1,8,-454.5352948850393,,,,21.050795288085936,866.0,1022.42,0.01,16
embed_dim32,1,16,-192.37571195811964,,,,6.917021582126617,396.8333333333333,572.44,0.72,16
embed_dim32,1,32,-51.99319326820783,,,,3.0904952853617043,191.40404040404042,199.73,0.99,16
embed_dim32,1,50,-15.096542543368415,,,,2.8881596684455872,79.29,79.29,1.0,16
embed_dim32,1,100,-3.133661297513172,,,,2.890024366378784,27.12,27.12,1.0,16
embed_dim32,2,4,-353.654348970782,,,,9.870139572620392,463.1029411764706,642.59,0.68,16
embed_dim32,2,8,-123.05271803967655,,,,3.1690154004096986,296.45360824742266,318.28,0.97,16
embed_dim32,2,16,-28.28089437579736,,,,2.699601309299469,129.8,129.8,1.0,16
embed_dim32,2,32,-13.557140872292221,,,,2.7502403688430785,95.98,95.98,1.0,16
embed_dim32,2,50,-10.70014592844993,,,,2.60755092382431,94.38,94.38,1.0,16
embed_dim32,2,100,-6.44433899179101,,,,2.6864589087817135,74.13,74.13,1.0,16
embed_dim32,3,4,-557.9610257729888,,,,26.34806125640869,,1024.0,0.0,16
embed_dim32,3,8,-356.214632435739,,,,17.218338904380797,625.0,1012.03,0.03,16
embed_dim32,3,16,-99.08840419352055,,,,4.105470771789551,377.1573033707865,448.31,0.89,16
embed_dim32,3,32,-27.810511372555048,,,,3.1453179717063904,182.91,182.91,1.0,16
embed_dim32,3,50,-16.043544010911138,,,,3.0746658849716186,125.25,125.25,1.0,16
embed_dim32,3,100,-6.303797219358384,,,,3.117852544784546,60.78,60.78,1.0,16
embed_dim32,4,4,-350.55058625187723,,,,10.142940225601196,714.0,1020.9,0.01,16
embed_dim32,4,8,-275.0437423912622,,,,12.154386870861053,731.8125,977.25,0.16,16
embed_dim32,4,16,-53.23246238557622,,,,3.0461636352539063,292.52,292.52,1.0,16
embed_dim32,4,32,-22.765139843448996,,,,3.0878161072731016,167.31,167.31,1.0,16
embed_dim32,4,50,-13.851203710101545,,,,3.0009634351730345,118.73,118.73,1.0,16
embed_dim32,4,100,-5.586879921164364,,,,2.9702947404649525,59.47,59.47,1.0,16
embed_dim32,5,4,-550.9219350270927,,,,25.12370044708252,,1024.0,0.0,16
embed_dim32,5,8,-401.530141819492,,,,18.8619504737854,,1024.0,0.0,16
embed_dim32,5,16,-271.9671215252206,,,,12.47365728855133,,1024.0,0.0,16
embed_dim32,5,32,-189.0682952265814,,,,8.65139038324356,103.0,1014.79,0.01,16
embed_dim32,5,50,-134.3490189812891,,,,6.268063957691193,548.9230769230769,900.48,0.26,16
embed_dim32,5,100,-26.156495345588773,,,,3.026451473236084,223.66666666666666,231.67,0.99,16
embed_dim4,1,4,-590.9508278387785,,,,27.72588698387146,,1024.0,0.0,16
embed_dim4,1,8,-273.9003518505581,,,,10.466709859371186,511.82978723404256,783.28,0.47,16
embed_dim4,1,16,-27.742067227996884,,,,3.1943623280525206,145.31,145.31,1.0,16
embed_dim4,1,32,-9.199623044934123,,,,3.0879991674423217,67.24,67.24,1.0,16
embed_dim4,1,50,-4.680877752006054,,,,2.987572283744812,40.67,40.67,1.0,16
embed_dim4,1,100,-2.227857648381032,,,,2.9234806418418886,22.9,22.9,1.0,16
embed_dim4,2,4,-594.7007055456191,,,,28.716386575698852,,1024.0,0.0,16
embed_dim4,2,8,-437.8159902174957,,,,20.666555447578432,567.4,1001.17,0.05,16
embed_dim4,2,16,-155.39019368084146,,,,4.89711546421051,384.1111111111111,505.69,0.81,16
embed_dim4,2,32,-23.080299637941643,,,,3.042035391330719,111.77,111.77,1.0,16
embed_dim4,2,50,-7.8578072130214425,,,,2.952667009830475,52.55,52.55,1.0,16
embed_dim4,2,100,-2.437211039215326,,,,2.8556476640701294,24.01,24.01,1.0,16
embed_dim4,3,4,-520.6514010225982,,,,20.908302364349364,,1024.0,0.0,16
embed_dim4,3,8,-370.99576024107637,,,,16.91705647468567,,1024.0,0.0,16
embed_dim4,3,16,-285.417037441656,,,,13.395895023345947,,1024.0,0.0,16
embed_dim4,3,32,-186.969157010857,,,,7.713065412044525,735.75,1012.47,0.04,16
embed_dim4,3,50,-148.9657009677589,,,,5.989381439685822,684.8571428571429,976.52,0.14,16
embed_dim4,3,100,-58.25890444761142,,,,3.9388394355773926,346.4864864864865,522.64,0.74,16
embed_dim4,4,4,-594.210761588309,,,,26.42417230129242,677.1666666666666,961.57,0.18,16
embed_dim4,4,8,-232.26970263056458,,,,6.194951961040497,435.5853658536585,541.5,0.82,16
embed_dim4,4,16,-42.504066293239596,,,,2.989890420436859,161.71,161.71,1.0,16
embed_dim4,4,32,-12.054657346140594,,,,2.97661288022995,75.66,75.66,1.0,16
embed_dim4,4,50,-6.744479262083769,,,,2.9055843639373777,54.26,54.26,1.0,16
embed_dim4,4,100,-2.64765774410218,,,,2.8871013266699657,27.76,27.76,1.0,16
embed_dim4,5,4,-578.8167259389162,,,,25.569588193893434,,1024.0,0.0,16
embed_dim4,5,8,-358.41833973927424,,,,15.752270183563233,349.42857142857144,976.78,0.07,16
embed_dim4,5,16,-132.80000699144787,,,,6.17120689868927,307.8205128205128,465.38,0.78,16
embed_dim4,5,32,-22.236038111215457,,,,2.938588559627533,126.22,126.22,1.0,16
embed_dim4,5,50,-11.03675446148496,,,,3.0276391339302062,78.41,78.41,1.0,16
embed_dim4,5,100,-2.8559587653540075,,,,2.8965585279946375,27.0,27.0,1.0,16
embed_dim64,1,4,-481.0333716509305,,,,16.346003353595734,607.1914893617021,828.1,0.47,16
embed_dim64,1,8,-111.89089134356007,,,,3.043769824504852,265.3061224489796,280.48,0.98,16
embed_dim64,1,16,-29.787968876613306,,,,2.8975734639167787,115.61,115.61,1.0,16
embed_dim64,1,32,-10.977948099970817,,,,2.8351169061660766,68.66,68.66,1.0,16
embed_dim64,1,50,-5.348768015671522,,,,2.9604658579826353,44.56,44.56,1.0,16
embed_dim64,1,100,-2.4976779774576428,,,,2.9001538633096096,25.37,25.37,1.0,16
embed_dim64,2,4,-482.0828243844956,,,,22.627614603042602,,1024.0,0.0,16
embed_dim64,2,8,-367.0347598081082,,,,18.111336088180543,,1024.0,0.0,16
embed_dim64,2,16,-237.47951627343892,,,,10.75963740825653,518.7272727272727,912.84,0.22,16
embed_dim64,2,32,-45.394721183348445,,,,3.044626605510712,221.35353535353536,229.38,0.99,16
embed_dim64,2,50,-16.815782048795374,,,,2.9525038743019105,105.25,105.25,1.0,16
embed_dim64,2,100,-3.9064174215402456,,,,2.9071628618240357,35.72,35.72,1.0,16
embed_dim64,3,4,-499.6408171658963,,,,19.70294624328613,,1024.0,0.0,16
embed_dim64,3,8,-321.14919126879425,,,,13.903938403129578,,1024.0,0.0,16
embed_dim64,3,16,-197.47889919992537,,,,9.569411480426789,925.0,1023.01,0.01,16
embed_dim64,3,32,-130.1363899954036,,,,6.1665104961395265,372.6923076923077,939.33,0.13,16
embed_dim64,3,50,-70.08479292454199,,,,4.389029688835144,111.05,658.82,0.4,16
embed_dim64,3,100,-13.155001893341542,,,,3.2278484888751096,70.1086956521739,146.42,0.92,16
embed_dim64,4,4,-534.9457391873002,,,,25.9784033870697,,1024.0,0.0,16
embed_dim64,4,8,-399.5470184356347,,,,19.57735209941864,321.0,1016.97,0.01,16
embed_dim64,4,16,-217.2104801602289,,,,8.964689881801606,450.61538461538464,725.84,0.52,16
embed_dim64,4,32,-39.10719209070317,,,,2.965138387680054,177.7,177.7,1.0,16
embed_dim64,4,50,-14.689851156584918,,,,2.990944242477417,83.56,83.56,1.0,16
embed_dim64,4,100,-2.7824331963900475,,,,2.832367763519287,25.96,25.96,1.0,16
embed_dim64,5,4,-662.4380163005926,,,,29.00930901527405,635.1764705882352,957.9,0.17,16
embed_dim64,5,8,-249.52316142397933,,,,6.343531074523926,400.36470588235295,493.91,0.85,16
embed_dim64,5,16,-63.525712047843264,,,,2.7786422753334046,191.65,191.65,1.0,16
embed_dim64,5,32,-18.653624857952817,,,,2.8362826466560365,101.92929292929293,111.15,0.99,16
embed_dim64,5,50,-12.719709601569921,,,,2.645629765987396,92.91,92.91,1.0,16
embed_dim64,5,100,-6.735977252982557,,,,2.6829452683227233,64.59,64.59,1.0,16
embed_dim8,1,4,-472.9276651849039,,,,18.071298971176148,481.6666666666667,828.76,0.36,16
embed_dim8,1,8,-122.65006985329092,,,,3.655399675369263,292.53684210526313,329.11,0.95,16
embed_dim8,1,16,-23.610235230624674,,,,2.776200647354126,108.78,108.78,1.0,16
embed_dim8,1,32,-9.585615116190166,,,,2.810561034679413,65.54,65.54,1.0,16
embed_dim8,1,50,-6.025702524445951,,,,2.9412926554679872,48.4,48.4,1.0,16
embed_dim8,1,100,-1.9464404860604554,,,,3.0378386855125425,20.2,20.2,1.0,16
embed_dim8,2,4,-509.7993285282515,,,,22.97497965812683,500.6923076923077,887.94,0.26,16
embed_dim8,2,8,-143.32734496191145,,,,3.7766073822975157,334.6185567010309,355.3,0.97,16
embed_dim8,2,16,-28.39070445092395,,,,2.8996169924736024,114.27,114.27,1.0,16
embed_dim8,2,32,-8.319032965935767,,,,2.944985556602478,55.71,55.71,1.0,16
embed_dim8,2,50,-5.222133660335094,,,,3.0341010999679567,44.13,44.13,1.0,16
embed_dim8,2,100,-2.525996548011899,,,,2.7683522652606576,26.66,26.66,1.0,16
embed_dim8,3,4,-448.2318252426479,,,,19.214760937690734,513.92,896.48,0.25,16
embed_dim8,3,8,-97.98546435372904,,,,3.2967729353904724,324.5408163265306,338.53,0.98,16
embed_dim8,3,16,-25.748692040573804,,,,3.070516736507416,142.48,142.48,1.0,16
embed_dim8,3,32,-12.489165402688085,,,,2.9939150261878966,97.19,97.19,1.0,16
embed_dim8,3,50,-7.447103583868593,,,,2.9773528671264646,67.11,67.11,1.0,16
embed_dim8,3,100,-2.763413391690701,,,,3.0231665897369386,29.66,29.66,1.0,16
embed_dim8,4,4,-532.6192432988435,,,,24.32377416372299,482.1363636363636,904.79,0.22,16
embed_dim8,4,8,-147.1164347291924,,,,3.9926764583587646,327.2795698924731,376.05,0.93,16
embed_dim8,4,16,-26.26012520253658,,,,3.034345848560333,108.9,108.9,1.0,16
embed_dim8,4,32,-9.47122681118548,,,,2.9165619683265684,61.01,61.01,1.0,16
embed_dim8,4,50,-5.628616090193391,,,,2.8458157277107237,45.05,45.05,1.0,16
embed_dim8,4,100,-2.843155181650072,,,,2.884569418550742,28.11,28.11,1.0,16
embed_dim8,5,4,-572.834206377007,,,,27.14097864151001,,1024.0,0.0,16
embed_dim8,5,8,-318.8364180100616,,,,13.19097068309784,518.5681818181819,801.61,0.44,16
embed_dim8,5,16,-53.88740094488487,,,,2.9107360315322874,185.2020202020202,193.59,0.99,16
embed_dim8,5,32,-9.540771227777004,,,,2.8701016306877136,51.34,51.34,1.0,16
embed_dim8,5,50,-4.196520637515932,,,,2.820631749629974,29.12,29.12,1.0,16
embed_dim8,5,100,-1.5531294663902373,,,,2.921139541298452,15.13,15.13,1.0,16
embed_dim128,1,4,-581.4279703916361,,,,28.164755407969157,,1024.0,0.0,50
embed_dim128,1,8,-459.1062907620023,,,,22.012899955113728,,1024.0,0.0,50
embed_dim128,1,16,-350.3202805350224,,,,16.642124207814536,,1024.0,0.0,50
embed_dim128,1,32,-226.6649882403668,,,,10.076187825202942,441.2307692307692,897.7333333333333,0.21666666666666667,50
embed_dim128,1,50,-85.78760150494054,,,,4.290346844991048,330.921568627451,434.8833333333333,0.85,50
embed_dim128,1,100,-10.315811021944198,,,,3.0555402199427286,80.71666666666667,80.71666666666667,1.0,50
embed_dim128,2,4,-791.0428283404559,,,,36.28601541519165,,1024.0,0.0,50
embed_dim128,2,8,-581.1963478541622,,,,24.50346039136251,,1024.0,0.0,50
embed_dim128,2,16,-412.557990058884,,,,21.006482815742494,,1024.0,0.0,50
embed_dim128,2,32,-271.3048447235798,,,,12.551785588264465,739.0,971.75,0.18333333333333332,50
embed_dim128,2,50,-195.89554567520196,,,,8.436079196135204,657.5238095238095,895.7333333333333,0.35,50
embed_dim128,2,100,-83.90947539086143,,,,4.260006630420685,471.2916666666667,581.8333333333334,0.8,50
embed_dim128,3,4,-598.3478093660126,,,,28.833107296625773,,1024.0,0.0,50
embed_dim128,3,8,-463.6870844475304,,,,22.809273179372152,,1024.0,0.0,50
embed_dim128,3,16,-361.1450411270062,,,,18.238774526119233,599.0,1009.8333333333334,0.03333333333333333,50
embed_dim128,3,32,-214.48573577015972,,,,8.597220317522686,468.37931034482756,755.45,0.48333333333333334,50
embed_dim128,3,50,-80.49524625541332,,,,4.027075163523356,297.45454545454544,358.0,0.9166666666666666,50
embed_dim128,3,100,-11.73661765937383,,,,3.0176480134328205,86.46666666666667,86.46666666666667,1.0,50
embed_dim128,4,4,-915.5769212101897,,,,45.69352149963379,,1024.0,0.0,50
embed_dim128,4,8,-725.90617383942,,,,35.93891134262085,,1024.0,0.0,50
embed_dim128,4,16,-533.4416586651156,,,,25.56862168312073,,1024.0,0.0,50
embed_dim128,4,32,-373.5316895147786,,,,18.023404169082642,,1024.0,0.0,50
embed_dim128,4,50,-304.2468466797223,,,,14.424090671539307,,1024.0,0.0,50
embed_dim128,4,100,-203.58602448708066,,,,10.40893771648407,606.6666666666666,1003.1333333333333,0.05,50
embed_dim128,5,4,-783.2980328002324,,,,33.18168538411458,,1024.0,0.0,50
embed_dim128,5,8,-574.6253167406966,,,,24.59587189356486,,1024.0,0.0,50
embed_dim128,5,16,-425.25588696673515,,,,17.61097445487976,,1024.0,0.0,50
embed_dim128,5,32,-285.0173261741797,,,,12.629885069529216,,1024.0,0.0,50
embed_dim128,5,50,-224.73328661676496,,,,10.272856724262237,,1024.0,0.0,50
embed_dim128,5,100,-129.32911925812562,,,,5.581289728482564,572.9565217391304,851.1,0.38333333333333336,50
embed_dim16,1,4,-641.999170688726,,,,29.51219239234924,,1024.0,0.0,50
embed_dim16,1,8,-479.3783078568677,,,,26.76733362674713,,1024.0,0.0,50
embed_dim16,1,16,-352.90190381997576,,,,19.01635836760203,412.8888888888889,932.3333333333334,0.15,50
embed_dim16,1,32,-200.14121133686663,,,,7.776312208175659,460.36842105263156,667.0333333333333,0.6333333333333333,50
embed_dim16,1,50,-128.77057083214945,,,,4.918013493220012,401.0204081632653,515.2333333333333,0.8166666666666667,50
embed_dim16,1,100,-9.661353638752674,,,,3.055272348856522,74.3,74.3,1.0,50
embed_dim16,2,4,-635.4514626224835,,,,29.445628384749096,425.0,1004.0333333333333,0.03333333333333333,50
embed_dim16,2,8,-407.64689769347507,,,,16.451819177468618,542.5454545454545,847.4666666666667,0.36666666666666664,50
embed_dim16,2,16,-145.4381103223345,,,,3.9407967487970987,371.859649122807,404.46666666666664,0.95,50
embed_dim16,2,32,-52.01561948576321,,,,2.9920995473861693,188.6,188.6,1.0,50
embed_dim16,2,50,-15.562240504426882,,,,2.9449106653531394,74.55,74.55,1.0,50
embed_dim16,2,100,-4.805990008171648,,,,2.8533019701639812,34.5,34.5,1.0,50
embed_dim16,3,4,-825.7033949750165,,,,44.49543698628744,,1024.0,0.0,50
embed_dim16,3,8,-613.3396499038985,,,,32.67555103302002,,1024.0,0.0,50
embed_dim16,3,16,-460.7948226278648,,,,23.846164917945863,458.1666666666667,967.4166666666666,0.1,50
embed_dim16,3,32,-225.50441563692874,,,,10.62632412513097,404.1470588235294,672.75,0.5666666666666667,50
embed_dim16,3,50,-148.15378894510988,,,,8.957540114720663,344.0,536.6666666666666,0.7166666666666667,50
embed_dim16,3,100,-27.942388149350883,,,,3.3185904820760093,157.29310344827587,186.18333333333334,0.9666666666666667,50
embed_dim16,4,4,-615.4375047929585,,,,30.0291933854421,,1024.0,0.0,50
embed_dim16,4,8,-458.2311949050054,,,,22.990077964464824,763.0,1019.65,0.016666666666666666,50
embed_dim16,4,16,-310.1037532691223,,,,14.00513546069463,410.6923076923077,891.1166666666667,0.21666666666666667,50
embed_dim16,4,32,-158.04639166059593,,,,6.623826615015665,407.06976744186045,581.8666666666667,0.7166666666666667,50
embed_dim16,4,50,-48.49144906441992,,,,4.004982264836629,188.31578947368422,230.1,0.95,50
embed_dim16,4,100,-5.961743488279171,,,,3.1578742980957033,46.68333333333333,46.68333333333333,1.0,50
embed_dim16,5,4,-953.648624864469,,,,50.22802848815918,,1024.0,0.0,50
embed_dim16,5,8,-759.900297749353,,,,38.53907016118367,,1024.0,0.0,50
embed_dim16,5,16,-541.661870422711,,,,27.997313944498696,,1024.0,0.0,50
embed_dim16,5,32,-375.9392358337839,,,,19.25872155825297,,1024.0,0.0,50
embed_dim16,5,50,-293.7335365282992,,,,14.40611519018809,,1024.0,0.0,50
embed_dim16,5,100,-207.1163833280715,,,,9.718996997674306,2.0,1006.9666666666667,0.016666666666666666,50
embed_dim32,1,4,-894.5404076506694,,,,46.60241667429606,,1024.0,0.0,50
embed_dim32,1,8,-693.2805986288935,,,,32.64875399271647,,1024.0,0.0,50
embed_dim32,1,16,-516.261175131922,,,,23.998387972513836,,1024.0,0.0,50
embed_dim32,1,32,-326.9206221760561,,,,14.324515994389852,,1024.0,0.0,50
embed_dim32,1,50,-259.89647299194087,,,,11.796021191279094,,1024.0,0.0,50
embed_dim32,1,100,-171.32611990945102,,,,7.187445950508118,683.5,967.25,0.16666666666666666,50
embed_dim32,2,4,-873.655433843409,,,,44.378254954020186,,1024.0,0.0,50
embed_dim32,2,8,-647.1214803066105,,,,32.703020842870075,,1024.0,0.0,50
embed_dim32,2,16,-469.50039269141854,,,,24.245998462041218,,1024.0,0.0,50
embed_dim32,2,32,-333.8426713399589,,,,17.32945508956909,328.0,1000.8,0.03333333333333333,50
embed_dim32,2,50,-252.02353009919946,,,,13.558681082725524,358.61538461538464,879.8333333333334,0.21666666666666667,50
embed_dim32,2,100,-64.82056573345326,,,,4.375085687637329,292.68518518518516,365.81666666666666,0.9,50
embed_dim32,3,4,-837.6984501940509,,,,47.97027204831441,,1024.0,0.0,50
embed_dim32,3,8,-664.9339648057396,,,,34.26405817270279,172.0,1009.8,0.016666666666666666,50
embed_dim32,3,16,-512.1762153559054,,,,28.656911544005077,265.0,960.75,0.08333333333333333,50
embed_dim32,3,32,-295.75566313900055,,,,16.720268686612446,260.2758620689655,654.8666666666667,0.48333333333333334,50
embed_dim32,3,50,-170.65842632867086,,,,10.064437043666839,192.06976744186048,427.78333333333336,0.7166666666666667,50
embed_dim32,3,100,-21.76528298246364,,,,3.504155918703241,90.69491525423729,106.25,0.9833333333333333,50
embed_dim32,4,4,-627.3489965728173,,,,29.99902540842692,,1024.0,0.0,50
embed_dim32,4,8,-465.7802979669223,,,,21.175404198964436,,1024.0,0.0,50
embed_dim32,4,16,-353.1595670600111,,,,17.29172014395396,,1024.0,0.0,50
embed_dim32,4,32,-238.1260042581397,,,,11.178914022445678,481.72727272727275,924.5833333333334,0.18333333333333332,50
embed_dim32,4,50,-166.53209688826465,,,,8.624765066305796,456.17391304347825,806.3333333333334,0.38333333333333336,50
embed_dim32,4,100,-28.036128260086603,,,,3.1985272685686748,194.26666666666668,194.26666666666668,1.0,50
embed_dim32,5,4,-818.5830608067413,,,,38.59766645431519,,1024.0,0.0,50
embed_dim32,5,8,-631.1663606965293,,,,29.773468589782716,,1024.0,0.0,50
embed_dim32,5,16,-481.9609247797479,,,,23.334779469172158,,1024.0,0.0,50
embed_dim32,5,32,-368.55456367731097,,,,17.656839418411256,,1024.0,0.0,50
embed_dim32,5,50,-291.57595213601985,,,,15.009325393040974,865.0,1021.35,0.016666666666666666,50
embed_dim32,5,100,-188.25086001828313,,,,10.277089885870616,282.3,900.3833333333333,0.16666666666666666,50
embed_dim4,1,4,-598.3314888774728,,,,29.871748654047646,,1024.0,0.0,50
embed_dim4,1,8,-427.4496213844667,,,,18.595327707131705,574.2727272727273,941.55,0.18333333333333332,50
embed_dim4,1,16,-135.34334815543454,,,,4.301338537534078,353.6727272727273,409.53333333333336,0.9166666666666666,50
embed_dim4,1,32,-27.40456664310768,,,,3.0128286997477214,117.68333333333334,117.68333333333334,1.0,50
embed_dim4,1,50,-8.14495104846234,,,,2.932951561609904,48.983333333333334,48.983333333333334,1.0,50
embed_dim4,1,100,-1.9475755269639194,,,,2.957710886001587,18.6,18.6,1.0,50
embed_dim4,2,4,-496.0481197029352,,,,24.091697899500527,,1024.0,0.0,50
embed_dim4,2,8,-362.1256410518661,,,,17.12761966387431,,1024.0,0.0,50
embed_dim4,2,16,-205.2788946568966,,,,9.431833068529764,473.39130434782606,812.9333333333333,0.38333333333333336,50
embed_dim4,2,32,-32.71042487906913,,,,3.0273840188980103,190.61666666666667,190.61666666666667,1.0,50
embed_dim4,2,50,-11.365708705317228,,,,2.8523202141126,78.5,78.5,1.0,50
embed_dim4,2,100,-3.1288242557396493,,,,2.990647619053469,28.566666666666666,28.566666666666666,1.0,50
embed_dim4,3,4,-761.147195583644,,,,36.019077666600545,,1024.0,0.0,50
embed_dim4,3,8,-566.4714795258517,,,,27.019180297851562,,1024.0,0.0,50
embed_dim4,3,16,-445.84670622075595,,,,21.87588172753652,230.0,1010.7666666666667,0.016666666666666666,50
embed_dim4,3,32,-318.8445418374458,,,,15.140104985237121,255.7,895.95,0.16666666666666666,50
embed_dim4,3,50,-170.40008733635767,,,,9.207538843154907,177.94117647058823,544.5666666666667,0.5666666666666667,50
embed_dim4,3,100,-24.63016597684473,,,,3.4855109254519143,91.25862068965517,122.35,0.9666666666666667,50
embed_dim4,4,4,-637.177134146231,,,,30.0195011138916,,1024.0,0.0,50
embed_dim4,4,8,-466.5183513337746,,,,25.00772159099579,,1024.0,0.0,50
embed_dim4,4,16,-300.69879917474464,,,,16.117681308587393,183.16666666666666,939.9166666666666,0.1,50
embed_dim4,4,32,-134.76976713162537,,,,5.132025845845541,454.6304347826087,587.4833333333333,0.7666666666666667,50
embed_dim4,4,50,-28.462700464886925,,,,3.1675442337989805,163.45,163.45,1.0,50
embed_dim4,4,100,-5.014870027375097,,,,2.9818745215733844,43.083333333333336,43.083333333333336,1.0,50
embed_dim4,5,4,-705.8558765718093,,,,37.28669632275899,,1024.0,0.0,50
embed_dim4,5,8,-527.3828856323846,,,,28.311607793966928,303.75,975.9833333333333,0.06666666666666667,50
embed_dim4,5,16,-234.02257251127932,,,,10.286207509040832,360.875,581.9166666666666,0.6666666666666666,50
embed_dim4,5,32,-65.69041282320396,,,,3.051757287979126,252.28333333333333,252.28333333333333,1.0,50
embed_dim4,5,50,-24.589585923186192,,,,2.9045045336087543,142.76666666666668,142.76666666666668,1.0,50
embed_dim4,5,100,-7.765868324615682,,,,2.8628591815630595,70.3,70.3,1.0,50
embed_dim64,1,4,-757.381317635253,,,,31.616761430104575,,1024.0,0.0,50
embed_dim64,1,8,-533.6192629466454,,,,23.092208941777546,,1024.0,0.0,50
embed_dim64,1,16,-397.8059586887558,,,,20.038688683509825,,1024.0,0.0,50
embed_dim64,1,32,-278.928939097623,,,,16.351788918177288,817.0,1010.2,0.06666666666666667,50
embed_dim64,1,50,-186.83912394863242,,,,8.26012438138326,640.28,864.1166666666667,0.4166666666666667,50
embed_dim64,1,100,-67.99774930973848,,,,3.575685211022695,423.56363636363636,473.6,0.9166666666666666,50
embed_dim64,2,4,-562.4602219432593,,,,21.584575430552164,,1024.0,0.0,50
embed_dim64,2,8,-456.57490663516023,,,,21.145696981747946,,1024.0,0.0,50
embed_dim64,2,16,-332.259898962453,,,,16.865719481309256,468.5,968.45,0.1,50
embed_dim64,2,32,-185.67589166647133,,,,9.932126025358835,396.6333333333333,710.3166666666667,0.5,50
embed_dim64,2,50,-66.26769908486555,,,,3.4859524965286255,285.67857142857144,334.9,0.9333333333333333,50
embed_dim64,2,100,-16.647184209525584,,,,3.040730341275533,120.51666666666667,120.51666666666667,1.0,50
embed_dim64,3,4,-969.2047924727201,,,,65.31167494455973,,1024.0,0.0,50
embed_dim64,3,8,-780.5294757679105,,,,49.08601662317912,,1024.0,0.0,50
embed_dim64,3,16,-721.2149939688544,,,,50.11112120946248,,1024.0,0.0,50
embed_dim64,3,32,-612.7807315193737,,,,45.180000738302866,142.66666666666666,979.9333333333333,0.05,50
embed_dim64,3,50,-489.6821350416789,,,,37.463990437984464,147.54545454545453,863.3166666666667,0.18333333333333332,50
embed_dim64,3,100,-113.49587226870159,,,,12.306085126153354,103.72,257.1,0.8333333333333334,50
embed_dim64,4,4,-782.7406562994545,,,,38.18711307843526,,1024.0,0.0,50
embed_dim64,4,8,-622.3518641348307,,,,29.207214860121407,435.0,1014.1833333333333,0.016666666666666666,50
embed_dim64,4,16,-445.602775231842,,,,20.16598324775696,549.1818181818181,936.95,0.18333333333333332,50
embed_dim64,4,32,-242.64172053153936,,,,9.807190183798472,398.45714285714286,659.1,0.5833333333333334,50
embed_dim64,4,50,-168.24185545612127,,,,5.826427519321442,420.6875,541.35,0.8,50
embed_dim64,4,100,-21.4627463134937,,,,2.9720173716545104,120.36666666666666,120.36666666666666,1.0,50
embed_dim64,5,4,-822.3202596222361,,,,40.786838086446124,,1024.0,0.0,50
embed_dim64,5,8,-638.4201102836679,,,,31.136445395151775,,1024.0,0.0,50
embed_dim64,5,16,-495.3263688251997,,,,25.910346444447836,,1024.0,0.0,50
embed_dim64,5,32,-361.05763424768423,,,,19.559650925795236,467.2,977.6,0.08333333333333333,50
embed_dim64,5,50,-275.49533496362466,,,,13.42390371163686,556.1428571428571,914.8333333333334,0.23333333333333334,50
embed_dim64,5,100,-86.23793285102583,,,,4.433960632483164,267.9183673469388,406.53333333333336,0.8166666666666667,50
embed_dim8,1,4,-614.6083865134666,,,,30.540279642740884,,1024.0,0.0,50
embed_dim8,1,8,-442.5292196992785,,,,18.93048983812332,688.25,979.2333333333333,0.13333333333333333,50
embed_dim8,1,16,-151.24609170593322,,,,5.113477392991384,335.16,449.96666666666664,0.8333333333333334,50
embed_dim8,1,32,-44.75044488383767,,,,2.9567902366320293,176.98333333333332,176.98333333333332,1.0,50
embed_dim8,1,50,-10.512257880717517,,,,3.021304225921631,60.7,60.7,1.0,50
embed_dim8,1,100,-3.2591621301757794,,,,2.956529184182485,29.466666666666665,29.466666666666665,1.0,50
embed_dim8,2,4,-608.2754642998178,,,,29.480930296579995,,1024.0,0.0,50
embed_dim8,2,8,-437.2695140418907,,,,20.28976100285848,,1024.0,0.0,50
embed_dim8,2,16,-317.52255521236606,,,,14.810151521364848,,1024.0,0.0,50
embed_dim8,2,32,-203.69754045031343,,,,9.862702639897664,423.2142857142857,883.8166666666667,0.23333333333333334,50
embed_dim8,2,50,-118.35278562065214,,,,5.772933868567149,367.8378378378378,619.3666666666667,0.6166666666666667,50
embed_dim8,2,100,-13.34628021971633,,,,3.006112007300059,104.85,104.85,1.0,50
embed_dim8,3,4,-565.5007237592091,,,,27.07156882286072,,1024.0,0.0,50
embed_dim8,3,8,-391.68894826912634,,,,18.216568875312806,,1024.0,0.0,50
embed_dim8,3,16,-147.5229680687189,,,,5.335905047257741,429.6136363636364,588.1166666666667,0.7333333333333333,50
embed_dim8,3,32,-19.14716184558347,,,,3.066698896884918,114.76666666666667,114.76666666666667,1.0,50
embed_dim8,3,50,-4.728143445511038,,,,2.8876303990681964,37.416666666666664,37.416666666666664,1.0,50
embed_dim8,3,100,-2.0258235218313834,,,,2.868128196398417,20.216666666666665,20.216666666666665,1.0,50
embed_dim8,4,4,-685.8876150730997,,,,32.75662239392599,,1024.0,0.0,50
embed_dim8,4,8,-528.1135319439073,,,,25.995310004552206,,1024.0,0.0,50
embed_dim8,4,16,-361.04128417645893,,,,15.390385925769806,475.1111111111111,941.6666666666666,0.15,50
embed_dim8,4,32,-123.11302242820771,,,,5.594470651944478,255.6,447.7,0.75,50
embed_dim8,4,50,-37.8015368325597,,,,2.995573337872823,189.88333333333333,189.88333333333333,1.0,50
embed_dim8,4,100,-5.492532015483206,,,,2.9405280371843756,44.65,44.65,1.0,50
embed_dim8,5,4,-696.8091999764243,,,,33.941807969411215,,1024.0,0.0,50
embed_dim8,5,8,-525.4301836997271,,,,26.05696522394816,,1024.0,0.0,50
embed_dim8,5,16,-407.93233836901686,,,,20.906274433930715,461.6666666666667,995.8833333333333,0.05,50
embed_dim8,5,32,-247.29442865758514,,,,10.682890752951304,441.1034482758621,742.2666666666667,0.48333333333333334,50
embed_dim8,5,50,-128.4836053672402,,,,5.945575352509817,306.93617021276594,462.3,0.7833333333333333,50
embed_dim8,5,100,-5.842009331860269,,,,3.109209577242533,44.516666666666666,44.516666666666666,1.0,50
embed_dim128,1,4,-945.6104870083432,,,,54.359687614440915,,1024.0,0.0,100
embed_dim128,1,8,-782.474684578677,,,,40.893911027908324,,1024.0,0.0,100
embed_dim128,1,16,-570.8063570679476,,,,28.957597891489666,,1024.0,0.0,100
embed_dim128,1,32,-369.85838242967924,,,,18.088693563143412,,1024.0,0.0,100
embed_dim128,1,50,-285.27318715614575,,,,13.605616052945456,,1024.0,0.0,100
embed_dim128,1,100,-188.18842969002824,,,,8.32824822603646,8.0,990.1333333333333,0.03333333333333333,100
embed_dim128,2,4,-895.9087731533995,,,,43.39255326588948,,1024.0,0.0,100
embed_dim128,2,8,-690.2805991984903,,,,31.69228849411011,,1024.0,0.0,100
embed_dim128,2,16,-480.83397302304706,,,,22.174185911814373,,1024.0,0.0,100
embed_dim128,2,32,-309.32805171671015,,,,13.382163286209106,,1024.0,0.0,100
embed_dim128,2,50,-260.8103609587997,,,,11.01132196187973,,1024.0,0.0,100
embed_dim128,2,100,-171.29049504368257,,,,6.901976076761882,803.5,1016.65,0.03333333333333333,100
embed_dim128,3,4,-811.7824724081904,,,,42.883331362406416,,1024.0,0.0,100
embed_dim128,3,8,-603.9790609719543,,,,32.232684977849324,366.0,1002.0666666666667,0.03333333333333333,100
embed_dim128,3,16,-435.2290768729523,,,,22.46084762016932,423.0,913.8166666666667,0.18333333333333332,100
embed_dim128,3,32,-173.25338868924106,,,,6.379327444235484,314.34090909090907,503.5833333333333,0.7333333333333333,100
embed_dim128,3,50,-93.0531167001153,,,,4.498969995975495,250.11111111111111,327.5,0.9,100
embed_dim128,3,100,-7.1985756132441265,,,,2.9752853512763977,63.05,63.05,1.0,100
embed_dim128,4,4,-945.5693496013681,,,,52.36213976542155,,1024.0,0.0,100
embed_dim128,4,8,-800.8549921004723,,,,43.1342357635498,,1024.0,0.0,100
embed_dim128,4,16,-618.5382400993258,,,,34.66108903884888,,1024.0,0.0,100
embed_dim128,4,32,-449.80933089380466,,,,27.654095760981242,,1024.0,0.0,100
embed_dim128,4,50,-364.88536227370304,,,,24.538198486963907,,1024.0,0.0,100
embed_dim128,4,100,-246.57909651889156,,,,18.411628862222035,401.0,1013.6166666666667,0.016666666666666666,100
embed_dim128,5,4,-834.1597238368045,,,,40.76839173634847,,1024.0,0.0,100
embed_dim128,5,8,-593.4876043384273,,,,28.9337100982666,,1024.0,0.0,100
embed_dim128,5,16,-454.306967648305,,,,23.884467983245848,,1024.0,0.0,100
embed_dim128,5,32,-310.8118139165143,,,,17.238506468137107,511.2857142857143,964.1833333333333,0.11666666666666667,100
embed_dim128,5,50,-198.95404808881383,,,,10.850858998298644,486.16,799.9,0.4166666666666667,100
embed_dim128,5,100,-61.83471923852339,,,,3.661758573849996,333.22222222222223,402.3,0.9,100
embed_dim16,1,4,-940.7121351122856,,,,50.43913984298706,,1024.0,0.0,100
embed_dim16,1,8,-752.4930544512968,,,,37.444156106313066,,1024.0,0.0,100
embed_dim16,1,16,-544.2038221318895,,,,28.109272305170695,,1024.0,0.0,100
embed_dim16,1,32,-397.1891933942214,,,,22.30625057220459,278.5,999.15,0.03333333333333333,100
embed_dim16,1,50,-289.0816766092243,,,,14.817337703704833,391.0,929.05,0.15,100
embed_dim16,1,100,-119.50178722130755,,,,6.3846907138824465,315.5897435897436,563.5333333333333,0.65,100
embed_dim16,2,4,-905.3208393344034,,,,44.62380100886027,,1024.0,0.0,100
embed_dim16,2,8,-790.1175200235099,,,,41.16112435658773,,1024.0,0.0,100
embed_dim16,2,16,-684.5305388980855,,,,38.752349853515625,,1024.0,0.0,100
embed_dim16,2,32,-582.5593930841734,,,,35.75865030288696,,1024.0,0.0,100
embed_dim16,2,50,-513.3510327587525,,,,33.99582138061523,,1024.0,0.0,100
embed_dim16,2,100,-411.5420679432961,,,,29.058205886681876,2.0,1006.9666666666667,0.016666666666666666,100
embed_dim16,3,4,-924.0376785195123,,,,45.799176184336346,,1024.0,0.0,100
embed_dim16,3,8,-713.8716569350412,,,,33.920180257161455,,1024.0,0.0,100
embed_dim16,3,16,-537.7826110257457,,,,26.880825010935464,,1024.0,0.0,100
embed_dim16,3,32,-382.35819795994706,,,,18.146575705210367,,1024.0,0.0,100
embed_dim16,3,50,-293.3592793431133,,,,13.912340943018595,,1024.0,0.0,100
embed_dim16,3,100,-196.90146873863415,,,,9.740298128128051,878.0,1021.5666666666667,0.016666666666666666,100
embed_dim16,4,4,-739.8958157127103,,,,32.97737452189128,,1024.0,0.0,100
embed_dim16,4,8,-555.095582709089,,,,29.100976435343423,,1024.0,0.0,100
embed_dim16,4,16,-423.5945178736001,,,,22.188313059012096,406.0,1003.4,0.03333333333333333,100
embed_dim16,4,32,-308.4856782230859,,,,16.01330457131068,377.72727272727275,905.5166666666667,0.18333333333333332,100
embed_dim16,4,50,-198.1811015531731,,,,9.463520884513855,397.17241379310343,721.0333333333333,0.48333333333333334,100
embed_dim16,4,100,-30.710785201160856,,,,3.361538906892141,172.6271186440678,186.81666666666666,0.9833333333333333,100
embed_dim16,5,4,-761.7889994847278,,,,36.602983474731445,,1024.0,0.0,100
embed_dim16,5,8,-614.433708498627,,,,31.101930745442708,,1024.0,0.0,100
embed_dim16,5,16,-476.6867736561224,,,,23.126406439145406,345.5,978.7666666666667,0.06666666666666667,100
embed_dim16,5,32,-251.34835402894143,,,,11.891804325580598,363.22857142857146,638.55,0.5833333333333334,100
embed_dim16,5,50,-132.2763330204257,,,,6.2014698187510175,218.06382978723406,392.68333333333334,0.7833333333333333,100
embed_dim16,5,100,-10.00559691117766,,,,3.0101685881614686,57.6,57.6,1.0,100
embed_dim32,1,4,-650.2716948151589,,,,31.559053802490233,,1024.0,0.0,100
embed_dim32,1,8,-441.84561651994784,,,,22.258743699391683,,1024.0,0.0,100
embed_dim32,1,16,-317.8814639290174,,,,15.508683029810587,,1024.0,0.0,100
embed_dim32,1,32,-222.56269058858354,,,,12.021107848485311,394.0,1003.0,0.03333333333333333,100
embed_dim32,1,50,-155.31447843778878,,,,7.9447255770365395,374.94444444444446,829.2833333333333,0.3,100
embed_dim32,1,100,-13.421083544039478,,,,3.065085065364838,113.36666666666666,113.36666666666666,1.0,100
embed_dim32,2,4,-901.5983240685115,,,,44.69068218866984,,1024.0,0.0,100
embed_dim32,2,8,-682.9527832241108,,,,31.704918909072877,,1024.0,0.0,100
embed_dim32,2,16,-486.1470934920013,,,,22.89633665084839,,1024.0,0.0,100
embed_dim32,2,32,-341.77230040244757,,,,14.875132377942403,,1024.0,0.0,100
embed_dim32,2,50,-268.06462662927805,,,,12.302656388282776,,1024.0,0.0,100
embed_dim32,2,100,-167.99624473747488,,,,7.978857298692067,691.0833333333334,957.4166666666666,0.2,100
embed_dim32,3,4,-756.7145022315284,,,,32.959051036834715,,1024.0,0.0,100
embed_dim32,3,8,-601.8839720451583,,,,26.959651533762614,,1024.0,0.0,100
embed_dim32,3,16,-459.10846931785346,,,,20.517627318700153,,1024.0,0.0,100
embed_dim32,3,32,-321.8086678326751,,,,15.313840858141582,,1024.0,0.0,100
embed_dim32,3,50,-266.7920489076525,,,,12.267063840230305,,1024.0,0.0,100
embed_dim32,3,100,-150.8552769785747,,,,6.457075309753418,554.5217391304348,844.0333333333333,0.38333333333333336,100
embed_dim32,4,4,-984.4102446834246,,,,56.9893383026123,,1024.0,0.0,100
embed_dim32,4,8,-869.2944675810635,,,,49.02770913441976,,1024.0,0.0,100
embed_dim32,4,16,-673.0296901098142,,,,40.351659234364824,,1024.0,0.0,100
embed_dim32,4,32,-480.34589079618456,,,,30.025117286046346,,1024.0,0.0,100
embed_dim32,4,50,-415.68061949784556,,,,26.714373191197712,,1024.0,0.0,100
embed_dim32,4,100,-309.71089811349907,,,,21.091514523824056,,1024.0,0.0,100
embed_dim32,5,4,-979.6590960700065,,,,54.62952238718669,,1024.0,0.0,100
embed_dim32,5,8,-894.663556924959,,,,51.45565395355224,,1024.0,0.0,100
embed_dim32,5,16,-765.5148112483323,,,,48.30008653004964,,1024.0,0.0,100
embed_dim32,5,32,-644.3592019575958,,,,46.07582867940267,,1024.0,0.0,100
embed_dim32,5,50,-537.2758996266872,,,,42.909734376271565,,1024.0,0.0,100
embed_dim32,5,100,-314.7663471738808,,,,28.65794234275818,214.41176470588235,794.6166666666667,0.2833333333333333,100
embed_dim4,1,4,-807.3450087111444,,,,40.25358831087748,,1024.0,0.0,100
embed_dim4,1,8,-582.1394461246829,,,,28.982302109400432,,1024.0,0.0,100
embed_dim4,1,16,-341.9194950348387,,,,15.571056016286214,,1024.0,0.0,100
embed_dim4,1,32,-212.11829925524071,,,,9.64620409409205,144.2,950.6833333333333,0.08333333333333333,100
embed_dim4,1,50,-184.5993893047174,,,,9.128885658582051,132.0,934.8,0.1,100
embed_dim4,1,100,-144.23361225179397,,,,8.262277857462566,61.69230769230769,815.5,0.21666666666666667,100
embed_dim4,2,4,-694.6759965574989,,,,35.02903696695964,,1024.0,0.0,100
embed_dim4,2,8,-486.7393676728321,,,,19.93360546429952,622.7777777777778,963.8166666666667,0.15,100
embed_dim4,2,16,-262.7359888423079,,,,10.8788072903951,383.72727272727275,671.85,0.55,100
embed_dim4,2,32,-72.99275064776496,,,,3.7698578437169394,180.63636363636363,250.91666666666666,0.9166666666666666,100
embed_dim4,2,50,-12.952886898629368,,,,2.8300280928611756,68.03333333333333,68.03333333333333,1.0,100
embed_dim4,2,100,-2.7595445533283054,,,,2.912534236907959,24.933333333333334,24.933333333333334,1.0,100
embed_dim4,3,4,-769.7392621188114,,,,40.14049161275228,,1024.0,0.0,100
embed_dim4,3,8,-561.582552421838,,,,29.05825114250183,,1024.0,0.0,100
embed_dim4,3,16,-449.6711872921015,,,,23.668301606178282,,1024.0,0.0,100
embed_dim4,3,32,-341.3333524885898,,,,17.667243158817293,397.6666666666667,961.3666666666667,0.1,100
embed_dim4,3,50,-234.86777320994685,,,,12.45719602505366,410.17391304347825,788.7,0.38333333333333336,100
embed_dim4,3,100,-27.836585878107385,,,,3.513631554444631,129.63793103448276,159.45,0.9666666666666667,100
embed_dim4,4,4,-715.445431942741,,,,38.61510996818542,,1024.0,0.0,100
embed_dim4,4,8,-560.5364001981293,,,,25.395026326179504,,1024.0,0.0,100
embed_dim4,4,16,-424.91172001656764,,,,20.242077549298603,533.0,958.5333333333333,0.13333333333333333,100
embed_dim4,4,32,-265.6211429090705,,,,12.062679346402486,416.2413793103448,730.25,0.48333333333333334,100
embed_dim4,4,50,-128.15635202710206,,,,7.099114497502645,217.91304347826087,406.0,0.7666666666666667,100
embed_dim4,4,100,-5.816044779401272,,,,2.954804848816435,49.85,49.85,1.0,100
embed_dim4,5,4,-729.137456570069,,,,43.80303632418315,272.5,973.9,0.06666666666666667,100
embed_dim4,5,8,-560.7994967495401,,,,30.235468912124634,394.0625,856.0166666666667,0.26666666666666666,100
embed_dim4,5,16,-187.23266333063754,,,,7.229159061113993,295.16,416.6333333333333,0.8333333333333334,100
embed_dim4,5,32,-68.27306222600552,,,,4.556249992052714,154.3684210526316,197.85,0.95,100
embed_dim4,5,50,-14.580882979665573,,,,3.0440848668416343,69.05,69.05,1.0,100
embed_dim4,5,100,-2.9043176677854112,,,,2.841560741265615,25.066666666666666,25.066666666666666,1.0,100
embed_dim64,1,4,-904.1890749120464,,,,43.74519936243693,,1024.0,0.0,100
embed_dim64,1,8,-654.4090474312504,,,,29.192581621805825,,1024.0,0.0,100
embed_dim64,1,16,-443.2997783583899,,,,19.517309045791627,,1024.0,0.0,100
embed_dim64,1,32,-289.37634675428274,,,,12.899882713953653,,1024.0,0.0,100
embed_dim64,1,50,-210.72863988503815,,,,9.421062366167705,,1024.0,0.0,100
embed_dim64,1,100,-121.1350409071582,,,,5.567516088485718,358.0769230769231,879.7166666666667,0.21666666666666667,100
embed_dim64,2,4,-661.9427836356064,,,,30.05905687014262,,1024.0,0.0,100
embed_dim64,2,8,-507.5490002763147,,,,23.818179225921632,884.3333333333334,1017.0166666666667,0.05,100
embed_dim64,2,16,-320.1265450149154,,,,13.505739915370942,348.55555555555554,821.3666666666667,0.3,100
embed_dim64,2,32,-107.59924098757716,,,,4.254536537329356,324.57142857142856,371.2,0.9333333333333333,100
embed_dim64,2,50,-51.89335391248266,,,,3.443778185049693,188.5344827586207,216.38333333333333,0.9666666666666667,100
embed_dim64,2,100,-6.628989030591523,,,,3.0798277616500855,52.46666666666667,52.46666666666667,1.0,100
embed_dim64,3,4,-820.5750139324615,,,,37.70608421961467,,1024.0,0.0,100
embed_dim64,3,8,-605.0067814265689,,,,27.824814987182616,,1024.0,0.0,100
embed_dim64,3,16,-443.8631935479119,,,,20.958239046732583,,1024.0,0.0,100
embed_dim64,3,32,-318.64151624273507,,,,15.771243953704834,,1024.0,0.0,100
embed_dim64,3,50,-241.63900058812771,,,,12.085776968797047,468.1666666666667,968.4166666666666,0.1,100
embed_dim64,3,100,-108.61898621108072,,,,4.914581910769145,472.26190476190476,637.7833333333333,0.7,100
embed_dim64,4,4,-918.9700242899358,,,,53.055893103281655,,1024.0,0.0,100
embed_dim64,4,8,-668.228594271342,,,,34.33799619674683,,1024.0,0.0,100
embed_dim64,4,16,-471.0598998837173,,,,25.69248233238856,974.3333333333334,1021.5166666666667,0.05,100
embed_dim64,4,32,-305.7093565726653,,,,19.87904001077016,806.375,994.9833333333333,0.13333333333333333,100
embed_dim64,4,50,-213.86823816401883,,,,10.791085771719615,786.7916666666666,929.1166666666667,0.4,100
embed_dim64,4,100,-85.44368971946339,,,,4.411225080490112,546.4107142857143,578.25,0.9333333333333333,100
embed_dim64,5,4,-762.3039929173887,,,,35.208630593617755,,1024.0,0.0,100
embed_dim64,5,8,-580.4155835278332,,,,27.609984111785888,,1024.0,0.0,100
embed_dim64,5,16,-453.1782418589418,,,,21.887373534838357,,1024.0,0.0,100
embed_dim64,5,32,-334.4746755057325,,,,17.257078576087952,526.0,990.8,0.06666666666666667,100
embed_dim64,5,50,-238.14765918205183,,,,11.781485231717427,403.72222222222223,837.9166666666666,0.3,100
embed_dim64,5,100,-82.43327016299591,,,,4.975733804702759,300.0,456.8666666666667,0.7833333333333333,100
embed_dim8,1,4,-682.5108810994774,,,,31.89777218500773,,1024.0,0.0,100
embed_dim8,1,8,-555.2691174107293,,,,26.353365310033162,,1024.0,0.0,100
embed_dim8,1,16,-453.52383399264266,,,,21.62809829711914,633.6666666666666,1004.4833333333333,0.05,100
embed_dim8,1,32,-336.86006064886845,,,,16.43998701572418,490.72727272727275,926.2333333333333,0.18333333333333332,100
embed_dim8,1,50,-164.31537205379766,,,,7.33160012960434,311.525,549.0166666666667,0.6666666666666666,100
embed_dim8,1,100,-28.41952715019385,,,,3.3753624568551275,116.01724137931035,146.28333333333333,0.9666666666666667,100
embed_dim8,2,4,-985.0903255663812,,,,64.65901730855306,,1024.0,0.0,100
embed_dim8,2,8,-867.1957422761867,,,,54.245116806030275,,1024.0,0.0,100
embed_dim8,2,16,-682.6681824179988,,,,43.745393657684325,,1024.0,0.0,100
embed_dim8,2,32,-456.7382007068644,,,,35.02035977045695,881.0,1021.6166666666667,0.016666666666666666,100
embed_dim8,2,50,-347.52543602498866,,,,28.179579051335654,870.0,1021.4333333333333,0.016666666666666666,100
embed_dim8,2,100,-175.75303414898613,,,,10.291712963581086,682.3888888888889,921.5166666666667,0.3,100
embed_dim8,3,4,-588.9722752782205,,,,28.574960565567018,,1024.0,0.0,100
embed_dim8,3,8,-439.5142526520416,,,,21.90922253926595,,1024.0,0.0,100
embed_dim8,3,16,-294.35142820573725,,,,13.353244042396545,407.9166666666667,900.7833333333333,0.2,100
embed_dim8,3,32,-120.4492551545923,,,,4.303984463214874,450.25454545454545,498.06666666666666,0.9166666666666666,100
embed_dim8,3,50,-54.04838761657787,,,,3.5350508213043215,228.91071428571428,281.9166666666667,0.9333333333333333,100
embed_dim8,3,100,-7.574238650190334,,,,2.912837032477061,62.43333333333333,62.43333333333333,1.0,100
embed_dim8,4,4,-573.9694603993247,,,,26.80809817314148,,1024.0,0.0,100
embed_dim8,4,8,-426.0741666479036,,,,20.232175119717915,208.0,1010.4,0.016666666666666666,100
embed_dim8,4,16,-274.9636654470426,,,,12.086927163600922,454.57142857142856,824.7,0.35,100
embed_dim8,4,32,-105.42401235247962,,,,4.615949392318726,297.2549019607843,406.26666666666665,0.85,100
embed_dim8,4,50,-47.30295000270319,,,,3.0540266474088034,208.67796610169492,222.26666666666668,0.9833333333333333,100
embed_dim8,4,100,-5.92329819095321,,,,2.8711074630419415,50.733333333333334,50.733333333333334,1.0,100
embed_dim8,5,4,-616.2036188295111,,,,26.223371696472167,,1024.0,0.0,100
embed_dim8,5,8,-433.5585273920248,,,,18.253958431879678,,1024.0,0.0,100
embed_dim8,5,16,-314.820717921822,,,,15.226273063818613,928.0,1020.8,0.03333333333333333,100
embed_dim8,5,32,-220.14030172706893,,,,9.817199838161468,533.1666666666666,974.9166666666666,0.1,100
embed_dim8,5,50,-115.7821993855449,,,,4.585161260763804,492.95348837209303,643.4166666666666,0.7166666666666667,100
embed_dim8,5,100,-30.970056700489174,,,,3.21468030611674,243.43333333333334,243.43333333333334,1.0,100
