variant,run,test_size,ep_reward,max_pairwise_distance,distance_to_com,ep_length,converged,train_size
embed_dim128,1,4,-5.2010406754600504,2.7126641114552816,1.5865229136310517,27.716666666666665,1.0,4
embed_dim128,1,8,-7.305733061271409,2.5270030657450357,2.2295935856721676,39.93333333333333,1.0,4
embed_dim128,1,16,-8.634131737301747,2.4860114097595214,1.6159105424051328,48.416666666666664,1.0,4
embed_dim128,1,32,-10.595060229363542,2.4716646989186604,2.610485561552923,55.2,1.0,4
embed_dim128,1,50,-12.588971781854829,2.3461481372515363,1.9775415935379763,71.01666666666667,0.9833333333333333,4
embed_dim128,1,100,-31.356019352997343,2.2326697508494058,1.7261565860447783,202.45,0.7333333333333333,4
embed_dim128,2,4,-5.157178718053426,2.675432829062144,5.706669483178605,27.133333333333333,1.0,4
embed_dim128,2,8,-9.222170103977744,3.3708569010098777,2.1296058571509398,47.266666666666666,0.9833333333333333,4
embed_dim128,2,16,-12.656365014333279,4.09618745247523,2.5731192588602427,62.88333333333333,0.9666666666666667,4
embed_dim128,2,32,-10.43780466200163,2.4157355467478436,1.0953287305193953,52.53333333333333,1.0,4
embed_dim128,2,50,-11.92249562504391,2.428893180688222,1.4445137211903931,56.03333333333333,1.0,4
embed_dim128,2,100,-15.437746045738459,2.3559870799382527,1.509496444508123,60.06666666666667,1.0,4
embed_dim128,3,4,-5.737676359325026,2.7722814202308657,3.046527951521178,35.8,0.9833333333333333,4
embed_dim128,3,8,-21.96436684971365,7.790257155895233,5.044362225957836,93.4,0.8833333333333333,4
embed_dim128,3,16,-12.144042244832963,2.416623310248057,1.633575900143478,153.16666666666666,0.7666666666666667,4
embed_dim128,3,32,-31.931925635474425,4.090253953138987,5.963397763230993,425.8333333333333,0.16666666666666666,4
embed_dim128,3,50,-45.06929472982883,3.3072065234184267,2.05250657586505,500.0,0.0,4
embed_dim128,3,100,-73.52740224488079,2.616947360833486,2.2597678086956345,500.0,0.0,4
embed_dim128,4,4,-4.973505933800092,2.777719521522522,2.4082817837285497,26.266666666666666,1.0,4
embed_dim128,4,8,-8.567894585089137,2.5809455355008444,1.9714943177454793,44.15,1.0,4
embed_dim128,4,16,-11.610627070783327,2.4217497944831847,0.9988706158784528,89.15,0.9333333333333333,4
embed_dim128,4,32,-24.381696919848522,2.3794594685236614,2.769660945252205,346.43333333333334,0.35,4
embed_dim128,4,50,-37.53295843948921,2.4156426191329956,0.9948270258381963,429.1333333333333,0.16666666666666666,4
embed_dim128,4,100,-70.0564150997748,2.445914407571157,0.8527005952422818,500.0,0.0,4
embed_dim128,5,4,-5.377234538039192,2.972726758321126,1.8749384123366326,28.283333333333335,1.0,4
embed_dim128,5,8,-9.081082342704757,2.717733311653137,1.8705758987770726,46.666666666666664,1.0,4
embed_dim128,5,16,-9.1150329567492,2.5001710812250773,1.9645162407308816,50.06666666666667,1.0,4
embed_dim128,5,32,-13.385172334623833,3.0207200765609743,2.406325686944183,73.93333333333334,0.9833333333333333,4
embed_dim128,5,50,-16.207220445821683,2.8861943165461224,1.1433037557030719,92.0,0.9833333333333333,4
embed_dim128,5,100,-21.59993274435401,2.1927375912666323,1.5042776409511764,110.0,1.0,4
embed_dim16,1,4,-5.925792312715203,2.800041174888611,2.184286985810225,29.833333333333332,1.0,4
embed_dim16,1,8,-9.664546931146955,2.768317453066508,3.6224186230450868,50.8,1.0,4
embed_dim16,1,16,-9.456637203445037,2.6625667611757913,1.55507485497122,59.13333333333333,1.0,4
embed_dim16,1,32,-14.230978468122581,3.5012684504191083,2.607948332699016,83.31666666666666,0.9833333333333333,4
embed_dim16,1,50,-15.513590572153529,2.8934731403986613,2.854566650648912,98.63333333333334,1.0,4
embed_dim16,1,100,-28.896458941077192,2.97306840022405,2.3679925748451303,155.8,1.0,4
embed_dim16,2,4,-5.379119601768131,2.7733810544013977,1.620975078471626,28.633333333333333,1.0,4
embed_dim16,2,8,-7.879670983490844,2.631187375386556,2.6007654780521987,45.5,1.0,4
embed_dim16,2,16,-11.65579284420237,2.5917166829109193,0.875613683485426,128.0,0.9666666666666667,4
embed_dim16,2,32,-26.688081985525788,2.6602787375450134,2.9399771597236395,363.4,0.5833333333333334,4
embed_dim16,2,50,-37.71956955057879,2.6729249040285747,2.4422385440773016,410.53333333333336,0.4166666666666667,4
embed_dim16,2,100,-71.15029791233441,2.611372383435567,1.1651856715058286,474.31666666666666,0.15,4
embed_dim16,3,4,-5.246805024131512,2.8809600392977397,3.2797140491815906,29.1,1.0,4
embed_dim16,3,8,-8.079525771907841,2.5731408993403115,1.8984696260187774,44.06666666666667,1.0,4
embed_dim16,3,16,-9.609944839030504,2.6258154630661013,2.341328991499419,55.0,1.0,4
embed_dim16,3,32,-11.577402794112762,2.676249353090922,2.8551538359684248,71.68333333333334,1.0,4
embed_dim16,3,50,-14.526748372924825,2.8083765864372254,2.363160737780854,83.1,1.0,4
embed_dim16,3,100,-23.007036051154138,2.9273322184880572,3.4888721232557045,107.73333333333333,1.0,4
embed_dim16,4,4,-6.310957874218002,2.803503692150116,1.648000831839939,31.1,1.0,4
embed_dim16,4,8,-8.092287466395646,2.540649422009786,2.151917334801207,47.06666666666667,1.0,4
embed_dim16,4,16,-9.723531283376117,2.428775719801585,1.7470175305847078,57.416666666666664,1.0,4
embed_dim16,4,32,-12.109227074372273,2.47697692712148,1.4521487824618817,76.96666666666667,1.0,4
embed_dim16,4,50,-14.847912373642126,2.554988074302673,2.563242621086538,87.45,1.0,4
embed_dim16,4,100,-23.57883529563745,2.672271553675334,1.9203534131950386,114.86666666666666,1.0,4
embed_dim16,5,4,-4.907080227307355,2.862112232049306,1.0614749110924702,26.35,1.0,4
embed_dim16,5,8,-8.732546015425275,2.579612628618876,0.8824909133836627,49.233333333333334,1.0,4
embed_dim16,5,16,-9.887389966535071,2.3866553624471027,4.533513803159197,58.083333333333336,1.0,4
embed_dim16,5,32,-19.98914795257151,2.2377716223398845,2.311509889756174,214.4,0.65,4
embed_dim16,5,50,-34.562087316686906,2.2677969694137574,1.4213402086695035,340.48333333333335,0.36666666666666664,4
embed_dim16,5,100,-74.76782975631455,2.225362400213877,2.136284642289082,485.6166666666667,0.03333333333333333,4
embed_dim32,1,4,-5.676238948463773,2.6225074768066405,0.9719350287690759,30.166666666666668,1.0,4
embed_dim32,1,8,-9.201202072265248,2.649686829249064,2.325591008008147,47.88333333333333,1.0,4
embed_dim32,1,16,-9.790302271054436,2.4148634592692058,1.8485909899075825,52.583333333333336,1.0,4
embed_dim32,1,32,-14.966505052087207,2.532235054175059,3.520794242665094,85.41666666666667,0.9833333333333333,4
embed_dim32,1,50,-14.495549075615903,2.5950473229090374,3.8894261702485387,83.41666666666667,1.0,4
embed_dim32,1,100,-22.64640306507548,2.7312705834706623,1.3159887434790531,106.23333333333333,1.0,4
embed_dim32,2,4,-5.481612254492939,2.82162207365036,2.2406704178545622,28.3,1.0,4
embed_dim32,2,8,-8.02213113141867,2.645255959033966,5.373812495284558,43.46666666666667,1.0,4
embed_dim32,2,16,-11.8365327585799,2.3409836689631143,3.230689724177743,109.8,0.9,4
embed_dim32,2,32,-17.200478014101584,2.4048563996950785,1.6627846683065097,204.21666666666667,0.6666666666666666,4
embed_dim32,2,50,-32.51473271188637,2.4143451968828837,1.197696468765537,389.98333333333335,0.25,4
embed_dim32,2,100,-64.63765548517307,2.469507467746735,1.7792813273544112,500.0,0.0,4
embed_dim32,3,4,-5.781210937707995,2.787691136201223,2.8429124248834947,29.683333333333334,1.0,4
embed_dim32,3,8,-18.14665333647281,6.348049334685007,2.737827599529798,85.68333333333334,0.9166666666666666,4
embed_dim32,3,16,-10.314499865223963,2.5363073507944742,0.8728385749273002,94.3,1.0,4
embed_dim32,3,32,-27.181574429074924,3.2483407537142437,1.6603920834711365,323.0833333333333,0.7333333333333333,4
embed_dim32,3,50,-39.018217033520344,4.155933475494384,3.0480855728710687,386.43333333333334,0.5833333333333334,4
embed_dim32,3,100,-70.87274871952832,3.3691275238990785,1.0633615387395645,461.78333333333336,0.23333333333333334,4
embed_dim32,4,4,-5.391385499380219,2.8362710237503053,3.4530086402160425,27.966666666666665,1.0,4
embed_dim32,4,8,-15.58231710838154,5.436616122722626,4.0436940112306425,80.1,0.9166666666666666,4
embed_dim32,4,16,-13.555609816126525,3.3158023675282795,1.8839626119006425,153.16666666666666,0.7666666666666667,4
embed_dim32,4,32,-29.299789452925324,3.315072460969289,2.75119905435713,433.0833333333333,0.15,4
embed_dim32,4,50,-39.57053445155422,2.7728641311327618,0.7539448447624842,477.8333333333333,0.05,4
embed_dim32,4,100,-68.4568967419366,3.473184049129486,3.4709949692748485,500.0,0.0,4
embed_dim32,5,4,-5.247985523861522,2.8197153051694235,3.013010115890453,31.783333333333335,1.0,4
embed_dim32,5,8,-21.166943282168358,7.634074453512827,4.7648374964948745,102.91666666666667,0.8833333333333333,4
embed_dim32,5,16,-12.219190215691924,3.2495365341504416,3.1360357080275816,103.23333333333333,0.9,4
embed_dim32,5,32,-21.288127191613118,2.230665949980418,0.7796273294603452,294.53333333333336,0.55,4
embed_dim32,5,50,-33.20092827007174,2.218674619992574,2.28352682942152,394.7,0.2833333333333333,4
embed_dim32,5,100,-65.68094386036198,2.2254222432772317,1.9699189879844587,495.03333333333336,0.03333333333333333,4
embed_dim4,1,4,-6.233857462788,2.9414613525072735,3.082897461888691,30.85,1.0,4
embed_dim4,1,8,-9.34147824558119,2.5580544034639994,0.8843827834740902,93.08333333333333,0.9,4
embed_dim4,1,16,-21.796591700116792,2.5198980967203775,2.2765116622904316,414.53333333333336,0.2,4
embed_dim4,1,32,-34.87192969390502,2.5380653381347655,1.5313493573650097,500.0,0.0,4
embed_dim4,1,50,-46.789446220546964,2.5243467330932616,1.5966119981706144,500.0,0.0,4
embed_dim4,1,100,-77.46539893373847,2.535502823193868,0.8190444352130094,500.0,0.0,4
embed_dim4,2,4,-6.239386095122124,3.1490352114041644,1.9077196879001954,28.9,1.0,4
embed_dim4,2,8,-8.154326208649824,2.904175114631653,2.5935428388183936,40.78333333333333,1.0,4
embed_dim4,2,16,-10.077828534692525,2.7092005093892415,4.3717408662778325,51.0,1.0,4
embed_dim4,2,32,-12.876019880610208,2.562378732363383,2.442433740747947,59.53333333333333,1.0,4
embed_dim4,2,50,-14.849553474535545,2.4807546774546307,1.478365212646313,64.06666666666666,1.0,4
embed_dim4,2,100,-19.76548271117111,2.6018149733543394,2.9696312476899474,71.21666666666667,1.0,4
embed_dim4,3,4,-6.340397584795331,2.7677532037099204,3.7664042317618924,29.966666666666665,1.0,4
embed_dim4,3,8,-8.136502193457757,2.7874801675478618,1.450140451422582,42.28333333333333,1.0,4
embed_dim4,3,16,-9.841249610949308,2.67745734055837,0.6906360228371341,50.38333333333333,1.0,4
embed_dim4,3,32,-12.165987464537222,2.4144088506698607,2.8510985187655025,64.86666666666666,1.0,4
embed_dim4,3,50,-14.629487939489385,2.3638630270957948,1.4589661942583818,81.05,1.0,4
embed_dim4,3,100,-31.51505826699237,2.3196754574775698,2.2669889930769176,200.81666666666666,0.95,4
embed_dim4,4,4,-5.768690433725714,2.7303449432055156,1.6219781969984373,29.016666666666666,1.0,4
embed_dim4,4,8,-8.071799887871991,2.637353277206421,1.7756837129592895,43.4,1.0,4
embed_dim4,4,16,-10.529933077034851,2.40729413429896,1.667009796469938,58.166666666666664,1.0,4
embed_dim4,4,32,-12.692912846058608,2.3386136889457703,2.891443040263645,67.3,1.0,4
embed_dim4,4,50,-15.309081286316117,2.322205690542857,2.145197447686767,78.36666666666666,1.0,4
embed_dim4,4,100,-21.91801985291143,2.197760494550069,1.9986310101305134,90.01666666666667,1.0,4
embed_dim4,5,4,-7.552148261961217,2.412462035814921,2.3359889389947055,37.083333333333336,1.0,4
embed_dim4,5,8,-9.363213334511965,2.399170486132304,0.7302564557292499,47.31666666666667,1.0,4
embed_dim4,5,16,-11.215031852355848,2.464028799533844,0.7479572041115413,56.916666666666664,1.0,4
embed_dim4,5,32,-14.716757234496376,2.446141982078552,1.9179247667285382,65.25,1.0,4
embed_dim4,5,50,-17.50979387126863,2.559282712141673,0.4450438499123168,71.83333333333333,1.0,4
embed_dim4,5,100,-23.792086851969362,2.519468418757121,1.4568385932717163,78.33333333333333,1.0,4
embed_dim64,1,4,-5.214688774012029,2.909997363885244,4.193750124890357,27.5,1.0,4
embed_dim64,1,8,-7.33242988466906,2.51315952539444,4.601789864556243,40.93333333333333,1.0,4
embed_dim64,1,16,-8.765509543009102,2.460007623831431,1.9436930601640294,52.53333333333333,1.0,4
embed_dim64,1,32,-13.041731585562228,3.049550747871399,1.849608271747517,70.85,0.9833333333333333,4
embed_dim64,1,50,-13.188172596134246,2.2677770773569743,2.247266108036041,68.0,1.0,4
embed_dim64,1,100,-17.863540643329422,2.2994794766108195,3.0584719042082624,72.5,1.0,4
embed_dim64,2,4,-4.70029147748525,2.67495098511378,1.5694116344035138,28.616666666666667,1.0,4
embed_dim64,2,8,-10.29070891031685,3.3950682799021403,2.9263583719419937,49.13333333333333,0.9833333333333333,4
embed_dim64,2,16,-9.404515383485705,2.373303286234538,2.369477554259356,89.31666666666666,0.9333333333333333,4
embed_dim64,2,32,-18.183420652647815,2.2871471921602886,4.390773642218361,230.36666666666667,0.65,4
embed_dim64,2,50,-35.394602697342634,2.4373170057932536,2.647854795386394,445.26666666666665,0.13333333333333333,4
embed_dim64,2,100,-64.50255827332536,2.4927135785420735,3.789941418943306,500.0,0.0,4
embed_dim64,3,4,-5.4682721946698924,2.6753699580828347,2.355911020655185,42.8,0.9666666666666667,4
embed_dim64,3,8,-7.516191901204487,2.62523254553477,2.915497518579165,39.483333333333334,1.0,4
embed_dim64,3,16,-9.251973255568494,2.6643093387285868,1.8026174855961774,50.516666666666666,1.0,4
embed_dim64,3,32,-10.755868866294623,2.281559749444326,1.3295908842158193,59.666666666666664,1.0,4
embed_dim64,3,50,-12.930177453905344,2.2571506261825562,1.8053510716507832,72.43333333333334,1.0,4
embed_dim64,3,100,-18.594004479795693,2.123118007183075,2.5748206921368837,87.86666666666666,1.0,4
embed_dim64,4,4,-5.531203189818188,2.8886471589406333,3.029435626510531,28.116666666666667,1.0,4
embed_dim64,4,8,-10.435683113103732,3.3739896098772686,3.8201268751174213,50.8,0.9833333333333333,4
embed_dim64,4,16,-8.802681504096835,2.525131177902222,1.9913662469324966,49.1,1.0,4
embed_dim64,4,32,-11.126661166734994,2.3733702540397643,1.7445263895438985,60.53333333333333,1.0,4
embed_dim64,4,50,-14.863836835324765,2.901968801021576,3.1600658834165274,74.51666666666667,0.9833333333333333,4
embed_dim64,4,100,-18.557008711248635,2.28941296339035,2.6945583000021673,82.36666666666666,1.0,4
embed_dim64,5,4,-5.434953005053103,2.9110450387001037,1.6416738106248279,28.566666666666666,1.0,4
embed_dim64,5,8,-19.382501835096626,6.253775028387706,3.31856271425883,91.43333333333334,0.9166666666666666,4
embed_dim64,5,16,-13.539457272582998,2.4681790630022684,1.425493263026389,146.4,0.8166666666666667,4
embed_dim64,5,32,-28.88833715741833,2.392730641365051,0.7644702076135824,395.3333333333333,0.2833333333333333,4
embed_dim64,5,50,-42.49212683600684,2.38486411968867,1.3716134273981055,491.23333333333335,0.05,4
embed_dim64,5,100,-70.90795681464175,2.4137158592542014,0.9528049804295103,500.0,0.0,4
embed_dim8,1,4,-5.724237136418621,2.834539743264516,3.857545003341511,29.6,1.0,4
embed_dim8,1,8,-9.07916027009487,2.4534050385157267,2.901411857867303,90.08333333333333,0.9,4
embed_dim8,1,16,-22.0232547173587,2.6799039522806805,1.5446361180433692,429.3333333333333,0.16666666666666666,4
embed_dim8,1,32,-33.74557452332228,2.742122781276703,2.187891152894978,492.75,0.016666666666666666,4
embed_dim8,1,50,-46.87414579428732,3.3679441531499226,2.5734517564016084,500.0,0.0,4
embed_dim8,1,100,-75.51919913689295,2.779516084988912,2.1233640675746526,500.0,0.0,4
embed_dim8,2,4,-5.695475052762776,2.7856486439704895,2.779556036104138,29.266666666666666,1.0,4
embed_dim8,2,8,-12.332645232742653,2.7315374970436097,0.9245394392715146,133.06666666666666,0.8666666666666667,4
embed_dim8,2,16,-19.981465755278865,2.781500693162282,2.115980954906748,365.0833333333333,0.43333333333333335,4
embed_dim8,2,32,-32.54015183417747,2.8582531213760376,1.857623208736186,482.5833333333333,0.06666666666666667,4
embed_dim8,2,50,-44.73020251734803,2.8995413819948834,1.3984844069009026,497.3833333333333,0.016666666666666666,4
embed_dim8,2,100,-74.25974387923877,2.9424350102742514,1.7900737489803382,500.0,0.0,4
embed_dim8,3,4,-5.592511118591452,2.861816676457723,3.051598612467448,28.8,1.0,4
embed_dim8,3,8,-28.049351186087975,7.33176748752594,4.333514900722851,125.58333333333333,0.8833333333333333,4
embed_dim8,3,16,-15.549220702735086,4.088704641660055,3.805853921128437,82.51666666666667,0.9666666666666667,4
embed_dim8,3,32,-16.628960234858095,4.190912143389384,1.5041752857524746,104.95,0.9666666666666667,4
embed_dim8,3,50,-25.87197232271234,5.620859622955322,2.8748339909861484,178.06666666666666,0.9333333333333333,4
embed_dim8,3,100,-60.5070457752794,2.8820826133092243,1.1147375724086692,417.3666666666667,0.38333333333333336,4
embed_dim8,4,4,-6.074139182424793,2.885418486595154,2.9932795783039183,32.36666666666667,1.0,4
embed_dim8,4,8,-9.727291106867293,2.6160767674446106,4.201660737263349,59.88333333333333,1.0,4
embed_dim8,4,16,-9.822684045663724,2.569449297587077,3.9670808045057737,63.983333333333334,1.0,4
embed_dim8,4,32,-12.11663824642698,2.547772149244944,3.25363896554918,81.25,1.0,4
embed_dim8,4,50,-14.552453112043441,2.6539286732673646,0.9080584939569235,92.98333333333333,1.0,4
embed_dim8,4,100,-23.912844176217913,2.749718753496806,3.015324016990761,125.91666666666667,1.0,4
embed_dim8,5,4,-6.088940807137018,2.8337374409039815,3.4184361222355317,31.116666666666667,1.0,4
embed_dim8,5,8,-11.442711515460784,3.370498204231262,1.5547947024150441,57.666666666666664,0.9833333333333333,4
embed_dim8,5,16,-9.498310736194252,2.4776453296343486,1.5443347547668964,57.15,1.0,4
embed_dim8,5,32,-12.158700023653607,2.5354435722033184,2.4616995887171167,78.35,1.0,4
embed_dim8,5,50,-15.241342013205092,2.542830034097036,1.0838966556067267,92.75,1.0,4
embed_dim8,5,100,-25.494107593844333,3.4464232842127482,3.586318490123687,130.55,0.9833333333333333,4
embed_dim128,1,4,-6.46097338826706,2.7612717588742575,3.370988188140715,31.516666666666666,1.0,16
embed_dim128,1,8,-7.45019270280997,2.5555052399635314,1.3319748391048052,40.45,1.0,16
embed_dim128,1,16,-9.312073514486352,2.580660621325175,2.1159178594107897,48.5,1.0,16
embed_dim128,1,32,-11.09929555753867,2.6083919127782185,1.37723387889273,52.78333333333333,1.0,16
embed_dim128,1,50,-13.737857975438237,2.6711785833040875,0.5312829777556471,58.166666666666664,1.0,16
embed_dim128,1,100,-17.35226823935906,2.7505702058474224,1.0515066686405723,61.43333333333333,1.0,16
embed_dim128,2,4,-5.483352535481875,2.9360339005788165,2.4586387656473865,27.883333333333333,1.0,16
embed_dim128,2,8,-7.247339392282689,2.5300238927205405,3.007598558681396,39.03333333333333,1.0,16
embed_dim128,2,16,-9.384137640583019,2.6345184127489727,0.9720914530412604,48.46666666666667,1.0,16
embed_dim128,2,32,-10.834191380875806,2.5882081031799316,2.0810174319563277,52.68333333333333,1.0,16
embed_dim128,2,50,-13.085258940793574,2.4770567774772645,2.243139793495337,58.416666666666664,1.0,16
embed_dim128,2,100,-17.185698523248234,2.44310853878657,1.7880162942431246,64.41666666666667,1.0,16
embed_dim128,3,4,-5.824973957054317,2.8677204767862956,2.4332600639822584,29.2,1.0,16
embed_dim128,3,8,-8.041538934161265,2.8194275935490927,2.0395863398812555,41.13333333333333,1.0,16
embed_dim128,3,16,-9.312692287936807,2.733639140923818,1.3517849628347904,48.45,1.0,16
embed_dim128,3,32,-11.10208587742721,2.7789401769638062,2.4640202450119735,55.03333333333333,1.0,16
embed_dim128,3,50,-12.863421817620596,2.6772563497225446,3.3420251029183468,59.2,1.0,16
embed_dim128,3,100,-16.572032815652587,2.7427488644917806,2.2342198053154476,66.13333333333334,1.0,16
embed_dim128,4,4,-5.9846853151141355,2.8773659547170003,3.5798014575305084,29.133333333333333,1.0,16
embed_dim128,4,8,-7.616356384723137,2.7189929763476055,1.0902321036284168,39.68333333333333,1.0,16
embed_dim128,4,16,-9.28108840494727,2.6806909958521525,1.6255090140310737,47.78333333333333,1.0,16
embed_dim128,4,32,-11.188233430621525,2.713853315512339,1.0110235057722698,53.016666666666666,1.0,16
embed_dim128,4,50,-12.77402347419411,2.89734259446462,0.8470192312287789,54.983333333333334,1.0,16
embed_dim128,4,100,-17.277275755504768,2.75444552898407,0.5694989675653633,61.96666666666667,1.0,16
embed_dim128,5,4,-6.36106832632795,2.42369890610377,2.5239212308389445,31.383333333333333,1.0,16
embed_dim128,5,8,-8.067181249707938,2.4975674907366434,1.41054346205201,41.13333333333333,1.0,16
embed_dim128,5,16,-10.2627240279379,2.555626134077708,2.1752477122373723,51.333333333333336,1.0,16
embed_dim128,5,32,-11.903654078611483,2.468636937936147,1.39221769340802,56.78333333333333,1.0,16
embed_dim128,5,50,-14.21724264578273,2.45620041290919,2.0315850646682083,61.8,1.0,16
embed_dim128,5,100,-18.45858125500381,2.4959838946660358,0.4815617728016029,67.21666666666667,1.0,16
embed_dim16,1,4,-6.082409491188203,2.8163045247395835,1.7825266524683685,30.25,1.0,16
embed_dim16,1,8,-7.826106424536556,2.684436277548472,2.4194071777087327,40.96666666666667,1.0,16
embed_dim16,1,16,-9.661085628314565,2.7148826718330383,3.5310106245956074,49.86666666666667,1.0,16
embed_dim16,1,32,-11.433471678694088,2.7171353658040363,3.6270577723218596,54.93333333333333,1.0,16
embed_dim16,1,50,-13.242003796622157,2.782641923427582,1.7961837472755773,58.63333333333333,1.0,16
embed_dim16,1,100,-17.00928980894387,2.6891885002454123,1.637454831194443,63.666666666666664,1.0,16
embed_dim16,2,4,-6.570588446121352,2.88022358417511,2.822236420369397,31.666666666666668,1.0,16
embed_dim16,2,8,-10.597021440028524,2.7411030093828836,1.7407725593696037,49.35,1.0,16
embed_dim16,2,16,-10.06201973700275,2.5600374221801756,1.551503203594378,52.8,1.0,16
embed_dim16,2,32,-12.41983836038659,2.3938000718752543,1.4035175544001202,65.38333333333334,1.0,16
embed_dim16,2,50,-14.57307460003843,2.325339376926422,0.8763973033943524,74.1,1.0,16
embed_dim16,2,100,-20.733590302988887,2.3534064491589866,2.352349446526884,94.33333333333333,1.0,16
embed_dim16,3,4,-6.93707981837603,2.6845709045728046,1.633826736236612,33.833333333333336,1.0,16
embed_dim16,3,8,-8.497413039362678,2.5823420604070026,0.8907102781658371,44.016666666666666,1.0,16
embed_dim16,3,16,-9.517944980443765,2.4086487531661986,1.3401742209214718,50.45,1.0,16
embed_dim16,3,32,-11.38020065749685,2.255060549577077,1.9293983318532506,57.36666666666667,1.0,16
embed_dim16,3,50,-13.488623073510826,2.373046104113261,2.3532008509486912,61.266666666666666,1.0,16
embed_dim16,3,100,-18.349193386361,2.367612862586975,1.3919776449122776,69.73333333333333,1.0,16
embed_dim16,4,4,-5.829865352405856,2.971798034509023,5.218917030716936,29.633333333333333,1.0,16
embed_dim16,4,8,-8.201288263608392,2.760672998428345,1.4939968605836234,42.666666666666664,1.0,16
embed_dim16,4,16,-9.581908109473686,2.8582956433296203,1.481207099450209,48.93333333333333,1.0,16
embed_dim16,4,32,-11.628439346762995,2.692707308133443,2.653588915365981,55.916666666666664,1.0,16
embed_dim16,4,50,-13.967005222849547,2.7805076400438944,1.5060604203746963,62.233333333333334,1.0,16
embed_dim16,4,100,-17.738400499522687,2.8517063657442727,1.3424917515168588,67.46666666666667,1.0,16
embed_dim16,5,4,-6.625913992788022,2.6512234528859455,0.9645303110592067,33.88333333333333,1.0,16
embed_dim16,5,8,-8.24836356442732,2.6294531265894574,1.623115268147861,44.28333333333333,1.0,16
embed_dim16,5,16,-10.657743159184854,2.556490878264109,2.39113606280492,54.766666666666666,1.0,16
embed_dim16,5,32,-12.151598960285385,2.417757244904836,1.5671989802494257,60.03333333333333,1.0,16
embed_dim16,5,50,-14.65404950014005,2.3775265852610272,0.7912926055882127,69.63333333333334,1.0,16
embed_dim16,5,100,-20.027793442457913,2.350041862328847,2.140900287688399,81.88333333333334,1.0,16
embed_dim32,1,4,-6.727198828880986,2.8828332662582397,2.197344146793087,31.866666666666667,1.0,16
embed_dim32,1,8,-8.321697656903416,2.66190097729365,1.6972479403212977,41.7,1.0,16
embed_dim32,1,16,-9.803501758755495,2.787363298734029,1.1479167650085098,48.75,1.0,16
embed_dim32,1,32,-11.935393022093923,2.495490078131358,1.0653695692499847,57.95,1.0,16
embed_dim32,1,50,-13.941558618036408,2.3367178201675416,1.1986255869994251,71.15,1.0,16
embed_dim32,1,100,-21.265610903998216,2.3652663826942444,2.617822104178796,103.81666666666666,1.0,16
embed_dim32,2,4,-6.300267940689809,2.7579315900802612,2.4095952256582676,32.06666666666667,1.0,16
embed_dim32,2,8,-8.16886990009807,2.7806955059369405,3.5856338292437915,43.45,1.0,16
embed_dim32,2,16,-9.64091325107341,2.66675523519516,2.2776246818422807,49.43333333333333,1.0,16
embed_dim32,2,32,-11.352970883746941,2.5351239164670307,1.8973648117001478,55.85,1.0,16
embed_dim32,2,50,-12.80655175751696,2.545001753171285,1.1734153336385884,58.18333333333333,1.0,16
embed_dim32,2,100,-17.533596514289577,2.6418185035387673,2.2342713570243986,66.43333333333334,1.0,16
embed_dim32,3,4,-6.337281312684839,2.8768602212270102,3.0046622717597833,30.383333333333333,1.0,16
embed_dim32,3,8,-7.219654949707911,2.533949323495229,0.7796856051543728,38.416666666666664,1.0,16
embed_dim32,3,16,-10.429260624789944,2.7101977348327635,3.4034558078856207,51.083333333333336,1.0,16
embed_dim32,3,32,-12.873320420831442,2.7177376985549926,0.6707836829116179,57.81666666666667,1.0,16
embed_dim32,3,50,-14.616892513260245,2.734059389432271,3.8061782752859097,60.6,1.0,16
embed_dim32,3,100,-19.712468723456066,2.6262085596720377,1.9129251593984662,68.26666666666667,1.0,16
embed_dim32,4,4,-6.371611837825427,2.9018834948539736,4.431171211014346,32.03333333333333,1.0,16
embed_dim32,4,8,-7.786820672328274,2.5401340564092,2.787771094078198,42.63333333333333,1.0,16
embed_dim32,4,16,-9.395164963261534,2.5806207140286763,1.4358143249875865,49.21666666666667,1.0,16
embed_dim32,4,32,-11.786231435711185,2.415388818581899,1.5579259487742092,57.61666666666667,1.0,16
embed_dim32,4,50,-13.404706922918558,2.2801584442456564,1.92457643701074,63.2,1.0,16
embed_dim32,4,100,-18.03995135885974,2.1971988399823505,1.280399460175385,73.8,1.0,16
embed_dim32,5,4,-6.115697736634562,2.951352834701538,1.6156065999219815,31.3,1.0,16
embed_dim32,5,8,-8.918379050586372,2.6924728751182556,1.7731494059475759,45.4,1.0,16
embed_dim32,5,16,-11.139476454382141,2.6329450408617654,1.1400394591502845,56.31666666666667,1.0,16
embed_dim32,5,32,-13.560269842358927,2.5482651789983115,3.470982548565371,63.9,1.0,16
embed_dim32,5,50,-15.517348297312855,2.382565887769063,1.5303039836113652,68.86666666666666,1.0,16
embed_dim32,5,100,-22.033850452303888,2.300503400961558,0.7305088248761992,81.93333333333334,1.0,16
embed_dim4,1,4,-7.304740623555457,2.349226248264313,3.91453886795789,34.75,1.0,16
embed_dim4,1,8,-8.368063153683519,2.3594082236289977,3.5380873932347945,44.333333333333336,1.0,16
embed_dim4,1,16,-9.936281854426488,2.347632392247518,1.2228196501091588,51.6,1.0,16
embed_dim4,1,32,-11.02401915686205,2.2404539148012796,2.3818270457947315,56.18333333333333,1.0,16
embed_dim4,1,50,-12.436335911229254,2.2582865635553997,1.5666289436419805,60.25,1.0,16
embed_dim4,1,100,-15.729942781524732,2.2030633529027304,2.415940716697524,66.75,1.0,16
embed_dim4,2,4,-9.63006416183586,3.2669823209444684,2.449126020508508,44.483333333333334,0.9833333333333333,16
embed_dim4,2,8,-10.105343077688788,2.4618633230527243,2.738370846126539,49.833333333333336,1.0,16
embed_dim4,2,16,-12.49379612704118,2.4453659534454344,1.8791579182511973,61.21666666666667,1.0,16
embed_dim4,2,32,-15.223390394821763,2.3807310422261554,2.150176276313141,66.51666666666667,1.0,16
embed_dim4,2,50,-17.497131286437313,2.388470411300659,1.8826842923021563,72.3,1.0,16
embed_dim4,2,100,-24.802068821092448,2.421918038527171,1.0118618950126692,83.81666666666666,1.0,16
embed_dim4,3,4,-7.127400926795477,2.399882201353709,1.4612587574015683,36.25,1.0,16
embed_dim4,3,8,-9.648962133967627,2.317703378200531,2.698823879426345,51.03333333333333,1.0,16
embed_dim4,3,16,-12.626780919606487,2.278766385714213,2.741182464954909,63.56666666666667,1.0,16
embed_dim4,3,32,-15.750296579953282,2.269442125161489,0.8068669153552037,73.15,1.0,16
embed_dim4,3,50,-18.504038418643177,2.2988775889078776,0.8139049750914177,77.91666666666667,1.0,16
embed_dim4,3,100,-24.866231965646147,2.3578620751698813,1.3482272914126516,87.83333333333333,1.0,16
embed_dim4,4,4,-7.3578518242109565,2.3367937048276266,2.908235793467611,36.483333333333334,1.0,16
embed_dim4,4,8,-8.83414119896479,2.274941114584605,2.1034724068517487,45.833333333333336,1.0,16
embed_dim4,4,16,-10.593855290766806,2.2844226082166035,0.6513645367541661,56.233333333333334,1.0,16
embed_dim4,4,32,-13.26789098456502,2.3077974796295164,1.4948669468722073,64.4,1.0,16
embed_dim4,4,50,-15.106929896213114,2.3300561269124347,1.1939671701348076,68.6,1.0,16
embed_dim4,4,100,-18.975381289670864,2.311550728480021,0.38191022679659853,75.21666666666667,1.0,16
embed_dim4,5,4,-6.733331796713173,2.721800367037455,2.805313442926854,32.86666666666667,1.0,16
embed_dim4,5,8,-8.537369006980832,2.580249019463857,1.1277450491596634,44.016666666666666,1.0,16
embed_dim4,5,16,-11.199021334480495,2.4251096367836,2.4995533613100025,62.483333333333334,1.0,16
embed_dim4,5,32,-17.784100249875337,2.3109478751818338,1.2629632735896545,188.53333333333333,0.8166666666666667,16
embed_dim4,5,50,-33.10773400949935,2.293403999010722,2.016836622490237,440.31666666666666,0.15,16
embed_dim4,5,100,-54.28341323162119,2.2876448154449465,0.5778865514877253,472.1333333333333,0.06666666666666667,16
embed_dim64,1,4,-6.172382965396779,2.8945115288098653,2.427463521032284,30.416666666666668,1.0,16
embed_dim64,1,8,-8.44406071465152,2.7224809567133588,1.0153592989605387,43.18333333333333,1.0,16
embed_dim64,1,16,-9.62797247748822,2.751342316468557,0.7061378657264867,49.6,1.0,16
embed_dim64,1,32,-11.512129023981592,2.773080046971639,0.43738866196993814,55.766666666666666,1.0,16
embed_dim64,1,50,-12.792091549839824,2.8704409042994183,0.42566554915330684,60.266666666666666,1.0,16
embed_dim64,1,100,-15.881942881457508,2.7529158433278402,1.8986288957315651,65.8,1.0,16
embed_dim64,2,4,-45.795813202982146,8.651339244842529,8.359955209493638,500.0,0.0,16
embed_dim64,2,8,-48.22191947363317,8.597607437769572,9.677274707953135,500.0,0.0,16
embed_dim64,2,16,-54.2587933011353,8.752495940526327,9.848942753672599,500.0,0.0,16
embed_dim64,2,32,-63.834169794867435,8.834582153956095,12.061361291011174,500.0,0.0,16
embed_dim64,2,50,-71.04637138371666,8.865924962361653,10.483328191757202,500.0,0.0,16
embed_dim64,2,100,-88.76299349529047,8.896189896265666,8.235570141474406,500.0,0.0,16
embed_dim64,3,4,-5.794278515006105,2.7817921241124473,2.2129288523147506,30.083333333333332,1.0,16
embed_dim64,3,8,-8.208117501468708,2.7813888947168985,1.9284862890994796,41.166666666666664,1.0,16
embed_dim64,3,16,-10.052026631589978,2.691730042298635,1.6049513037277696,50.36666666666667,1.0,16
embed_dim64,3,32,-11.918280532614638,2.7040738542874654,1.6543465034883411,57.36666666666667,1.0,16
embed_dim64,3,50,-13.12283084007601,2.835766534010569,1.4394417854684096,59.2,1.0,16
embed_dim64,3,100,-17.052364849671722,2.7722209811210634,1.3639739929799688,65.36666666666666,1.0,16
embed_dim64,4,4,-6.421994240380203,2.833927543958028,3.645374104568812,31.533333333333335,1.0,16
embed_dim64,4,8,-8.985098110496377,2.4659777363141377,4.381810850114562,46.06666666666667,1.0,16
embed_dim64,4,16,-13.377030831202864,2.270033808549245,1.7078608722309583,121.48333333333333,0.8666666666666667,16
embed_dim64,4,32,-20.394654824522636,2.2518716851870217,0.6634772691245113,207.3,0.75,16
embed_dim64,4,50,-30.895112112599115,2.250754447778066,1.3036744827168683,310.1333333333333,0.5,16
embed_dim64,4,100,-45.026864579319955,2.2664401372273764,1.603398526338084,281.4166666666667,0.55,16
embed_dim64,5,4,-6.021672192650537,2.684300184249878,0.9890655522545179,30.166666666666668,1.0,16
embed_dim64,5,8,-7.7537069339770825,2.568823452790578,1.1224192059521252,41.75,1.0,16
embed_dim64,5,16,-8.466540734780331,2.393242685000102,4.419308866164647,48.75,1.0,16
embed_dim64,5,32,-11.04322580875208,2.2970866680145265,1.5327171323656026,56.71666666666667,1.0,16
embed_dim64,5,50,-12.248960356165965,2.1920594652493794,1.2368788553609822,61.516666666666666,1.0,16
embed_dim64,5,100,-16.22966991625726,2.0915524045626324,0.6699079262659264,67.43333333333334,1.0,16
embed_dim8,1,4,-6.999268175444255,2.962287449836731,4.1844003600844495,32.016666666666666,1.0,16
embed_dim8,1,8,-7.960874739692857,2.7303942799568177,2.1537141780679425,40.916666666666664,1.0,16
embed_dim8,1,16,-9.662938628159463,2.729472076892853,0.8929096064219872,49.06666666666667,1.0,16
embed_dim8,1,32,-11.539023630321026,2.7470780849456786,0.7568110025070686,54.81666666666667,1.0,16
embed_dim8,1,50,-13.092660884062449,2.650602877140045,1.2226714470858375,57.516666666666666,1.0,16
embed_dim8,1,100,-16.924707103768984,2.631659158070882,0.6670225681839511,61.46666666666667,1.0,16
embed_dim8,2,4,-5.2582506650748355,2.528657341003418,3.772918844417048,30.816666666666666,1.0,16
embed_dim8,2,8,-8.119984897753845,2.4880156675974527,1.2297965355993559,49.75,1.0,16
embed_dim8,2,16,-9.922308474344511,2.3658638040224713,1.63467729780823,70.15,1.0,16
embed_dim8,2,32,-12.993289694065849,2.364516286055247,1.6806679303641432,91.18333333333334,1.0,16
embed_dim8,2,50,-15.32496535157164,2.3113213459650677,0.7671279153774182,100.23333333333333,1.0,16
embed_dim8,2,100,-22.261040078848602,2.1984675526618958,1.572045320231778,112.3,1.0,16
embed_dim8,3,4,-6.243866176515197,2.7406149387359617,0.950085815321654,31.2,1.0,16
embed_dim8,3,8,-8.202844925317914,2.530475890636444,2.0226047394486764,47.31666666666667,1.0,16
embed_dim8,3,16,-10.05231216031437,2.4394795139630636,2.041315350557367,60.6,1.0,16
embed_dim8,3,32,-14.29082460111628,2.5083412448565165,4.059384638267026,95.75,1.0,16
embed_dim8,3,50,-20.48393188181023,2.5014663974444074,1.0385234170332551,154.38333333333333,1.0,16
embed_dim8,3,100,-53.21100616877278,2.6589030345280964,0.9963485094786932,355.6,0.7,16
embed_dim8,4,4,-7.722715122772692,2.9093972206115724,1.6036784207448362,34.8,1.0,16
embed_dim8,4,8,-9.469219100832317,2.693197250366211,2.839756173842276,46.483333333333334,1.0,16
embed_dim8,4,16,-11.737021142461648,2.6949205954869586,3.1419600764638744,56.25,1.0,16
embed_dim8,4,32,-14.178874433288971,2.768435525894165,0.7148183958692244,64.63333333333334,1.0,16
embed_dim8,4,50,-16.697563839020827,2.906359692414602,0.6209072230945653,70.05,1.0,16
embed_dim8,4,100,-20.893108481665454,2.6699702660242717,1.2541258835281865,76.26666666666667,1.0,16
embed_dim8,5,4,-6.689361548532421,2.1524593472480773,2.2248885028685135,37.083333333333336,1.0,16
embed_dim8,5,8,-8.759508736912782,2.1607185999552407,1.0408359891424577,50.13333333333333,1.0,16
embed_dim8,5,16,-10.47054696289512,2.070978645483653,2.6483023321721704,59.416666666666664,1.0,16
embed_dim8,5,32,-12.833579156578828,2.064317198594411,2.5583686649857555,69.3,1.0,16
embed_dim8,5,50,-14.425150101166219,2.057051722208659,2.913988629116056,72.55,1.0,16
embed_dim8,5,100,-17.869315532346565,2.060078275203705,1.7554520561704412,78.65,1.0,16
embed_dim128,1,4,-10.705649305693806,2.385284944375356,0.9286420321945722,99.15,1.0,50
embed_dim128,1,8,-20.42078751522737,2.7910517851511636,2.2138703033832523,390.8333333333333,0.5,50
embed_dim128,1,16,-31.902146983581286,4.7473136266072595,4.481373416477194,500.0,0.0,50
embed_dim128,1,32,-43.0204648016952,7.309153421719869,5.974310361259268,500.0,0.0,50
embed_dim128,1,50,-50.379819440686454,8.87154064575831,6.359466097440881,500.0,0.0,50
embed_dim128,1,100,-65.67574028478315,10.859984624385834,5.691845820719143,500.0,0.0,50
embed_dim128,2,4,-23.53263476517362,2.5666505614916484,3.3328408011235298,326.3333333333333,0.7333333333333333,50
embed_dim128,2,8,-37.640897084617364,6.181438676516215,7.0370049127688015,500.0,0.0,50
embed_dim128,2,16,-48.90115241293485,8.30157752831777,5.745760825462639,500.0,0.0,50
embed_dim128,2,32,-57.76893828809261,10.056645560264588,9.32394004847253,500.0,0.0,50
embed_dim128,2,50,-64.8416722677648,10.622981882095337,9.655899384302398,500.0,0.0,50
embed_dim128,2,100,-77.02219488124052,11.353622961044312,5.673086112071604,500.0,0.0,50
embed_dim128,3,4,-191.73596427900097,52.44529727300008,31.75998013963302,500.0,0.0,50
embed_dim128,3,8,-194.4974491049846,62.45843772888183,34.11928461678326,500.0,0.0,50
embed_dim128,3,16,-198.8363094324867,66.90098158518474,36.81760263865193,500.0,0.0,50
embed_dim128,3,32,-206.9939000154535,68.67855224609374,37.781206940005845,500.0,0.0,50
embed_dim128,3,50,-216.14649240473906,69.41946805318197,37.004399516244725,500.0,0.0,50
embed_dim128,3,100,-241.3192362492283,70.06962203979492,38.37061237479249,500.0,0.0,50
embed_dim128,4,4,-19.61549472368012,2.745312523841858,5.313160988936821,427.9,0.2,50
embed_dim128,4,8,-32.82133180601522,6.512107253074646,7.537467229366302,500.0,0.0,50
embed_dim128,4,16,-37.21030787707617,7.328926348686219,11.200642560670774,500.0,0.0,50
embed_dim128,4,32,-42.251888815748195,8.325678102175395,10.628007167453568,500.0,0.0,50
embed_dim128,4,50,-44.928866374741,8.625593010584513,9.161049022833506,500.0,0.0,50
embed_dim128,4,100,-49.62409179713577,8.93242301940918,10.46128722035885,500.0,0.0,50
embed_dim128,5,4,-33.2233668488916,6.057040643692017,5.2539213233627375,423.51666666666665,0.3,50
embed_dim128,5,8,-42.9267424950997,9.184293945630392,6.5849968024529515,500.0,0.0,50
embed_dim128,5,16,-53.57514270873119,9.224859754244486,5.9520443708946305,500.0,0.0,50
embed_dim128,5,32,-71.62981937564909,9.774718681971232,9.561403105128557,500.0,0.0,50
embed_dim128,5,50,-82.2311598672842,10.502144479751587,9.291499537944793,500.0,0.0,50
embed_dim128,5,100,-107.8593976298968,10.898752212524414,8.201953541318575,500.0,0.0,50
embed_dim16,1,4,-8.978113990331378,2.461843419075012,2.060151801429068,44.833333333333336,1.0,50
embed_dim16,1,8,-12.757239365422476,2.380404778321584,2.8845053734529453,65.33333333333333,1.0,50
embed_dim16,1,16,-14.83605446163565,2.4411364555358888,0.8281917807704303,80.21666666666667,1.0,50
embed_dim16,1,32,-17.073192107615373,2.2377580245335897,2.5836317959522908,95.9,1.0,50
embed_dim16,1,50,-20.04401148955027,2.196053655942281,0.7708764992005502,112.23333333333333,1.0,50
embed_dim16,1,100,-26.368684685416518,2.0899183233579,0.9283721141683248,132.16666666666666,1.0,50
embed_dim16,2,4,-9.069480309650922,2.3409689625104266,1.464195187824468,43.016666666666666,1.0,50
embed_dim16,2,8,-12.69131879362588,2.290231231848399,3.1026139706916487,61.55,1.0,50
embed_dim16,2,16,-17.766453579689067,2.450091814994812,1.6594310540744723,79.31666666666666,1.0,50
embed_dim16,2,32,-22.041090140336504,2.4218841155370074,1.2158582917026555,91.88333333333334,1.0,50
embed_dim16,2,50,-25.04117086219291,2.5172690550486245,1.4487882633792857,100.36666666666666,1.0,50
embed_dim16,2,100,-34.622001048301655,2.5095183650652566,1.3339829457309098,112.95,1.0,50
embed_dim16,3,4,-48.722324444291495,8.172967545191447,4.746082442998886,500.0,0.0,50
embed_dim16,3,8,-52.84314930078884,6.186564024289449,5.245060690740744,500.0,0.0,50
embed_dim16,3,16,-60.487202461933094,7.705105153719584,9.164826955025395,500.0,0.0,50
embed_dim16,3,32,-73.41192340751489,8.763310702641805,8.570274483334893,500.0,0.0,50
embed_dim16,3,50,-78.71182771449288,9.227036555608114,11.637278976658981,500.0,0.0,50
embed_dim16,3,100,-97.4643324315548,9.777394247055053,9.954182098448277,500.0,0.0,50
embed_dim16,4,4,-13.008416648271183,2.607409409681956,3.244980941961209,168.18333333333334,0.8666666666666667,50
embed_dim16,4,8,-26.70368692819029,4.444178386529287,3.2565529624000193,424.3666666666667,0.23333333333333334,50
embed_dim16,4,16,-33.19144083475694,5.271784814198812,6.868881421722472,500.0,0.0,50
embed_dim16,4,32,-39.73513540178537,5.763128185272217,2.360504382266663,500.0,0.0,50
embed_dim16,4,50,-45.47854395130028,6.085305571556091,6.392622757103294,500.0,0.0,50
embed_dim16,4,100,-58.76805946410944,6.81305882136027,3.766289273852483,500.0,0.0,50
embed_dim16,5,4,-18.697685976916304,2.1707441012064614,2.0546192000930508,135.93333333333334,0.9,50
embed_dim16,5,8,-27.880773331411184,2.0928606152534486,1.4675555747623246,290.1166666666667,0.6166666666666667,50
embed_dim16,5,16,-40.92452783218275,2.230371928215027,1.5614124045707285,466.26666666666665,0.11666666666666667,50
embed_dim16,5,32,-54.31100365767876,2.298187712828318,2.63619126987954,495.0833333333333,0.016666666666666666,50
embed_dim16,5,50,-66.55004063379019,2.2146066705385845,4.702477991749843,491.25,0.03333333333333333,50
embed_dim16,5,100,-100.66840556661288,2.1481778899828594,1.7039909125963848,500.0,0.0,50
embed_dim32,1,4,-6.9827250402575975,2.6006510694821676,2.1784627138637007,34.7,1.0,50
embed_dim32,1,8,-9.606978034305696,2.4843279639879863,1.9678080658777617,48.18333333333333,1.0,50
embed_dim32,1,16,-11.487360726017505,2.533173934618632,2.5219054684625006,57.78333333333333,1.0,50
embed_dim32,1,32,-14.628264877727876,2.4451378186543784,0.5417362399365326,67.78333333333333,1.0,50
embed_dim32,1,50,-15.69579379822438,2.5326243162155153,0.5738563654292376,69.2,1.0,50
embed_dim32,1,100,-21.103475941469274,2.558003807067871,0.536628001513891,80.43333333333334,1.0,50
embed_dim32,2,4,-8.982235053290303,2.3829391519228618,2.9253084690620503,47.733333333333334,1.0,50
embed_dim32,2,8,-11.80680721407601,2.2637787659962973,1.5193758345985164,62.71666666666667,1.0,50
embed_dim32,2,16,-13.863611013209447,2.2164477825164797,0.7589680236385903,73.15,1.0,50
embed_dim32,2,32,-17.572806930759302,2.2234835108121236,1.4811971976800122,86.95,1.0,50
embed_dim32,2,50,-18.4439218390733,2.2376747647921245,2.3164472034188606,89.01666666666667,1.0,50
embed_dim32,2,100,-22.518285924879212,2.1803850968678793,2.3686861173892395,99.91666666666667,1.0,50
embed_dim32,3,4,-8.600001590466126,2.468997287750244,3.5119691736685734,39.85,1.0,50
embed_dim32,3,8,-10.857476052874699,2.448152248064677,1.2437900747250146,51.61666666666667,1.0,50
embed_dim32,3,16,-13.352968554307397,2.4452027638753253,1.7345009548856372,62.31666666666667,1.0,50
embed_dim32,3,32,-16.08105151761944,2.4949958086013795,1.3082482988693906,73.28333333333333,1.0,50
embed_dim32,3,50,-18.038785534755636,2.4914140701293945,0.32698095408827066,77.66666666666667,1.0,50
embed_dim32,3,100,-23.365456553734838,2.638134221235911,0.4122240360141732,88.6,1.0,50
embed_dim32,4,4,-13.74307538427723,2.1301287015279136,1.9747190675543,102.6,1.0,50
embed_dim32,4,8,-19.365636864040667,2.104074529806773,1.6413042504883681,158.41666666666666,1.0,50
embed_dim32,4,16,-22.287856720744944,2.070424656073252,2.080422506937369,190.9,1.0,50
embed_dim32,4,32,-27.409408907281854,2.0579843640327455,1.7776263811480022,229.43333333333334,1.0,50
embed_dim32,4,50,-31.114943336509167,2.051503566900889,1.423057530550286,243.75,1.0,50
embed_dim32,4,100,-39.72286483359834,2.0274176756540934,2.673871123535869,264.3833333333333,1.0,50
embed_dim32,5,4,-13.630991028016433,2.6168962081273395,3.2449175890573922,126.86666666666666,0.9166666666666666,50
embed_dim32,5,8,-16.987041244485106,2.190371270974477,1.5049658162189492,217.18333333333334,0.9833333333333333,50
embed_dim32,5,16,-21.85257635473584,2.2823185086250306,1.2732746405488191,254.0,0.95,50
embed_dim32,5,32,-27.540268931382645,2.1797205924987795,1.0884507467058333,258.81666666666666,0.9666666666666667,50
embed_dim32,5,50,-31.879096776371203,2.0885277430216473,1.7984289410728962,267.05,0.9833333333333333,50
embed_dim32,5,100,-44.38456341878821,2.0590436975161235,3.3007594650945005,282.5,1.0,50
embed_dim4,1,4,-177.2089128712813,46.4736525217692,25.1804477562507,500.0,0.0,50
embed_dim4,1,8,-184.5958592052261,58.19843037923177,31.61529744664828,500.0,0.0,50
embed_dim4,1,16,-195.59072974274557,65.82999827067057,35.80140932649374,500.0,0.0,50
embed_dim4,1,32,-205.89780836155018,68.7054879506429,36.48690075886746,500.0,0.0,50
embed_dim4,1,50,-214.64756043801705,69.31971638997396,37.897792637507116,500.0,0.0,50
embed_dim4,1,100,-241.61780298749605,69.98587404886881,38.037356308023135,500.0,0.0,50
embed_dim4,2,4,-61.55718935074595,18.174215217431385,14.04070125160118,492.8833333333333,0.016666666666666666,50
embed_dim4,2,8,-61.805542308464645,18.66517718633016,13.396717573174586,500.0,0.0,50
embed_dim4,2,16,-63.36813883421322,19.00006523132324,12.843177962559276,500.0,0.0,50
embed_dim4,2,32,-70.14884759485722,19.51265064875285,15.529734740126878,500.0,0.0,50
embed_dim4,2,50,-77.69831751609841,20.109284432729087,14.645381398429473,500.0,0.0,50
embed_dim4,2,100,-97.23625856389602,20.67309662501017,13.90925828641653,500.0,0.0,50
embed_dim4,3,4,-191.74050414972007,53.441389910380046,30.82598141928514,500.0,0.0,50
embed_dim4,3,8,-197.56592681209247,62.385407002766925,35.20599626352389,500.0,0.0,50
embed_dim4,3,16,-199.72888337175053,66.60135879516602,37.78723225885381,500.0,0.0,50
embed_dim4,3,32,-209.65443189342815,68.78745829264322,37.726830700971185,500.0,0.0,50
embed_dim4,3,50,-220.16127695093553,69.47713902791341,37.8463727615277,500.0,0.0,50
embed_dim4,3,100,-248.90834612150988,70.0904089609782,38.179618779338895,500.0,0.0,50
embed_dim4,4,4,-33.97906738097469,7.680906128883362,6.102829953220984,500.0,0.0,50
embed_dim4,4,8,-35.90572790975372,8.004406682650249,4.377310893234486,500.0,0.0,50
embed_dim4,4,16,-40.40373058412224,8.992456285158793,8.913075806573033,500.0,0.0,50
embed_dim4,4,32,-47.27371182795614,9.617391928037007,5.907178474962226,500.0,0.0,50
embed_dim4,4,50,-54.48428034801036,9.988061014811198,4.924031649902463,500.0,0.0,50
embed_dim4,4,100,-73.57978689558804,10.061542304356893,6.502399551244452,500.0,0.0,50
embed_dim4,5,4,-55.01589110773057,11.500444332758585,9.325439444681008,500.0,0.0,50
embed_dim4,5,8,-64.82340750973671,15.168171612421672,13.07691205771019,500.0,0.0,50
embed_dim4,5,16,-72.57723103091121,16.673462057113646,17.621849350693324,500.0,0.0,50
embed_dim4,5,32,-81.29200311253469,17.747828022638956,13.624476792593487,500.0,0.0,50
embed_dim4,5,50,-87.52002850497762,18.12741622924805,13.265355809897185,500.0,0.0,50
embed_dim4,5,100,-101.99935840629041,18.927973365783693,14.617793234179418,500.0,0.0,50
embed_dim64,1,4,-8.119168524335448,2.2744972308476767,2.2445849653799086,36.916666666666664,1.0,50
embed_dim64,1,8,-10.187579475513969,2.3692614992459613,0.6439585173269734,50.266666666666666,1.0,50
embed_dim64,1,16,-11.980942532606424,2.350124752521515,1.6850715225368427,56.85,1.0,50
embed_dim64,1,32,-15.270415659497182,2.423696533838908,1.1681884375097675,68.36666666666666,1.0,50
embed_dim64,1,50,-16.990153612506887,2.406005581219991,0.557926688252017,70.23333333333333,1.0,50
embed_dim64,1,100,-22.273090183983246,2.505034867922465,0.45643987982619244,78.53333333333333,1.0,50
embed_dim64,2,4,-7.936129370735338,2.3309218645095826,1.4168128549431762,42.78333333333333,1.0,50
embed_dim64,2,8,-9.649869611036653,2.229082536697388,0.5990267954660037,54.85,1.0,50
embed_dim64,2,16,-11.031978178458909,2.145191995302836,0.8535223231204631,63.88333333333333,1.0,50
embed_dim64,2,32,-13.988318693622325,2.1491608738899233,1.0869148583150188,75.0,1.0,50
embed_dim64,2,50,-15.311569970846175,2.1470446944236756,1.1759567699724964,77.81666666666666,1.0,50
embed_dim64,2,100,-19.246840201721838,2.1862534880638123,1.0488579289505724,84.85,1.0,50
embed_dim64,3,4,-7.8047624305433905,2.559893234570821,1.5015865234114851,38.583333333333336,1.0,50
embed_dim64,3,8,-9.725024854407335,2.656573700904846,1.6425369575076425,48.916666666666664,1.0,50
embed_dim64,3,16,-12.497655123813699,2.7738990624745687,2.178305974781203,60.78333333333333,1.0,50
embed_dim64,3,32,-14.243043405407418,2.7272824168205263,1.4467056093051118,69.98333333333333,1.0,50
embed_dim64,3,50,-16.58598449990774,2.6129083395004273,2.422115102540391,72.91666666666667,1.0,50
embed_dim64,3,100,-20.629209263871115,2.536905225118001,2.4812129558622837,77.51666666666667,1.0,50
embed_dim64,4,4,-18.958747426234186,2.948454527060191,2.3982382907066495,198.95,0.8,50
embed_dim64,4,8,-30.24985170108266,3.5365278720855713,3.9582511055011613,274.95,0.8,50
embed_dim64,4,16,-42.86340395119041,6.022687009970347,6.087987744761631,376.76666666666665,0.5333333333333333,50
embed_dim64,4,32,-55.502053094872586,8.301776985327402,5.738405376774608,431.25,0.38333333333333336,50
embed_dim64,4,50,-66.45746723702177,9.398017112414042,7.6390154545946665,480.0833333333333,0.21666666666666667,50
embed_dim64,4,100,-84.68388048410415,9.976027536392213,8.645844127238108,484.7,0.16666666666666666,50
embed_dim64,5,4,-11.139240035802747,2.3346837401390075,1.5438754171753923,90.56666666666666,1.0,50
embed_dim64,5,8,-20.810965138114987,2.5068846225738524,3.3245603841729463,328.26666666666665,0.8166666666666667,50
embed_dim64,5,16,-32.109757734679924,3.459078590075175,1.1107064914831426,464.43333333333334,0.23333333333333334,50
embed_dim64,5,32,-44.49184280267606,4.015217582384746,6.041329211000508,490.3,0.08333333333333333,50
embed_dim64,5,50,-57.307043593749405,4.223616874217987,3.3399869037270546,500.0,0.0,50
embed_dim64,5,100,-93.53252975158394,5.932916911443074,8.563710877309399,499.31666666666666,0.016666666666666666,50
embed_dim8,1,4,-56.64305763443311,10.726206191380818,11.904417208830516,500.0,0.0,50
embed_dim8,1,8,-59.87143536011378,11.839995924631754,13.3425784577926,500.0,0.0,50
embed_dim8,1,16,-65.48257120102645,12.487743886311849,11.518187464284711,500.0,0.0,50
embed_dim8,1,32,-74.67053746879101,12.803303003311157,14.022710442884515,500.0,0.0,50
embed_dim8,1,50,-83.34341740061839,12.913524929682414,16.340534728686016,500.0,0.0,50
embed_dim8,1,100,-107.5769161902368,13.012445529301962,15.155009604781867,500.0,0.0,50
embed_dim8,2,4,-203.58876233721773,57.530623308817546,33.48684897621472,500.0,0.0,50
embed_dim8,2,8,-195.4421660716335,62.52824382781982,35.72288211385409,500.0,0.0,50
embed_dim8,2,16,-195.72622702221076,66.8809076309204,36.895375803112984,500.0,0.0,50
embed_dim8,2,32,-197.50862658470868,68.63161252339681,37.46628386639058,500.0,0.0,50
embed_dim8,2,50,-201.78008804172276,69.43427937825521,37.978559791604674,500.0,0.0,50
embed_dim8,2,100,-212.10192983349165,70.0449457804362,38.36657056157787,500.0,0.0,50
embed_dim8,3,4,-129.56080629403394,33.60222991307577,25.292795634269716,500.0,0.0,50
embed_dim8,3,8,-129.40605339308578,37.17876784006754,30.25726315677166,500.0,0.0,50
embed_dim8,3,16,-131.39996152122816,39.35411046346029,27.636318412919838,500.0,0.0,50
embed_dim8,3,32,-134.60605016350746,39.95973587036133,29.91635958366096,500.0,0.0,50
embed_dim8,3,50,-137.77037305012345,40.400869115193686,31.558556016564367,500.0,0.0,50
embed_dim8,3,100,-143.23928079629937,41.76540565490723,31.321314632256826,500.0,0.0,50
embed_dim8,4,4,-8.191159716520149,2.3636155128479004,2.8762458572008955,41.13333333333333,1.0,50
embed_dim8,4,8,-11.760616675624624,2.376611518859863,1.228092343674507,60.6,1.0,50
embed_dim8,4,16,-15.711264683298456,2.317672077814738,0.82805748731674,75.65,1.0,50
embed_dim8,4,32,-19.676358985512827,2.3519639412562054,0.6643651865092882,88.85,1.0,50
embed_dim8,4,50,-23.636651745966326,2.358980480829875,0.4396802307846956,107.13333333333334,0.9833333333333333,50
embed_dim8,4,100,-33.88306163853655,2.3778432925542194,1.0156512332901668,187.0,0.8166666666666667,50
embed_dim8,5,4,-10.305198544814873,2.4741455634435017,2.295134767269095,48.21666666666667,1.0,50
embed_dim8,5,8,-13.086940824675063,2.5249603470166524,1.762749547419177,61.96666666666667,1.0,50
embed_dim8,5,16,-15.904788528879484,2.4920743544896444,0.4038695731704744,73.88333333333334,1.0,50
embed_dim8,5,32,-18.591426925733685,2.5743437091509502,1.050279584719586,81.33333333333333,1.0,50
embed_dim8,5,50,-21.786421191568177,2.5255456447601317,0.3557069260673597,88.23333333333333,1.0,50
embed_dim8,5,100,-28.712555339063208,2.4864419380823772,0.2913911081848298,97.33333333333333,1.0,50
embed_dim128,1,4,-54.88998580276966,5.881099605560303,7.712353577216466,500.0,0.0,100
embed_dim128,1,8,-63.11992082999398,8.495646874109903,11.348676142096519,500.0,0.0,100
embed_dim128,1,16,-68.14778127310177,9.559890953699748,8.184653603037198,500.0,0.0,100
embed_dim128,1,32,-74.0045000769198,10.02564214070638,13.558894278419514,500.0,0.0,100
embed_dim128,1,50,-79.9456920284778,10.181672922770183,10.046519440333048,500.0,0.0,100
embed_dim128,1,100,-96.79274187088012,10.305283292134602,13.504252507646878,500.0,0.0,100
embed_dim128,2,4,-184.10199183772008,52.213057867685954,29.94543374888599,500.0,0.0,100
embed_dim128,2,8,-193.05209188958008,61.344239171346025,35.79274052803715,500.0,0.0,100
embed_dim128,2,16,-197.4342036654552,65.58583761850993,35.888779602455905,500.0,0.0,100
embed_dim128,2,32,-206.8547475233674,68.51071904500326,37.41760476126025,500.0,0.0,100
embed_dim128,2,50,-216.1853413015604,69.51688283284506,37.40409190785885,500.0,0.0,100
embed_dim128,2,100,-241.34313786725204,70.15104052225749,37.85546719302734,500.0,0.0,100
embed_dim128,3,4,-31.444229244596013,2.0733614444732664,2.7501197645867554,162.01666666666668,1.0,100
embed_dim128,3,8,-46.96852970061203,2.789946893850962,0.843020515764753,227.31666666666666,0.9833333333333333,100
embed_dim128,3,16,-52.39698134954087,2.048375689983368,0.42572830566793224,256.51666666666665,1.0,100
embed_dim128,3,32,-67.69265740504488,2.040852439403534,0.37795383100553104,304.1,1.0,100
embed_dim128,3,50,-85.89840229979406,2.182913680871328,0.449982551574901,349.15,0.9833333333333333,100
embed_dim128,3,100,-108.10382898642371,3.080039056142171,0.8933984585409054,377.56666666666666,0.9333333333333333,100
embed_dim128,4,4,-18.073392205980294,2.1726346651713055,1.4477459158282726,96.66666666666667,1.0,100
embed_dim128,4,8,-23.3889744128411,2.1597286581993105,0.9305854483818015,135.96666666666667,1.0,100
embed_dim128,4,16,-30.418526596312102,2.1804421186447143,1.1362438229320104,172.61666666666667,1.0,100
embed_dim128,4,32,-38.88618359165266,2.187143309911092,0.2931471917671539,212.45,1.0,100
embed_dim128,4,50,-44.37958413967863,2.2188286781311035,0.36905454824414724,228.16666666666666,1.0,100
embed_dim128,4,100,-58.481489740995066,2.1731160481770835,0.25826557135636297,256.8333333333333,1.0,100
embed_dim128,5,4,-26.62508365122291,3.2084883371988933,4.0563236705958845,292.8,0.7333333333333333,100
embed_dim128,5,8,-43.24816264252489,5.613311036427816,7.227151088075091,459.05,0.26666666666666666,100
embed_dim128,5,16,-54.94279960785061,7.328649075826009,8.21687304439644,500.0,0.0,100
embed_dim128,5,32,-69.75199383497238,7.621559755007426,6.7613003719598055,500.0,0.0,100
embed_dim128,5,50,-80.2601960470279,7.718361330032349,10.227530163894098,500.0,0.0,100
embed_dim128,5,100,-108.4463591719667,7.813866265614828,10.777608022332192,500.0,0.0,100
embed_dim16,1,4,-27.97599075694258,2.5631815711657207,3.8852874747477473,319.0833333333333,0.75,100
embed_dim16,1,8,-36.25061601127187,2.561237967014313,1.7510782743493716,476.45,0.3,100
embed_dim16,1,16,-44.95503692595909,3.731881260871887,3.373367582789312,500.0,0.0,100
embed_dim16,1,32,-52.11468427532042,4.13458122809728,6.727301440108567,500.0,0.0,100
embed_dim16,1,50,-55.14834858545412,4.4286658803621926,2.764897489304344,500.0,0.0,100
embed_dim16,1,100,-66.49663488905256,4.737279319763184,4.548662665329873,500.0,0.0,100
embed_dim16,2,4,-202.77555110603572,57.220147450764976,33.740294641256334,500.0,0.0,100
embed_dim16,2,8,-198.45371599147717,63.719283739725746,35.25844645251831,500.0,0.0,100
embed_dim16,2,16,-201.21225878844658,66.78744239807129,36.393521717190744,500.0,0.0,100
embed_dim16,2,32,-209.4504095857342,68.74262708028158,37.712821672049664,500.0,0.0,100
embed_dim16,2,50,-219.76308642526467,69.56080449422201,38.16557137231032,500.0,0.0,100
embed_dim16,2,100,-247.14250413676103,70.10165214538574,38.20769060181578,500.0,0.0,100
embed_dim16,3,4,-188.24696114410958,51.24292176564534,30.80655331214269,500.0,0.0,100
embed_dim16,3,8,-192.20668459385632,62.17121461232503,35.23532706176241,500.0,0.0,100
embed_dim16,3,16,-196.43487822910149,66.96066780090332,36.96449130525192,500.0,0.0,100
embed_dim16,3,32,-203.0241463288665,68.81933975219727,37.38620610125363,500.0,0.0,100
embed_dim16,3,50,-209.71725810219843,69.35874735514322,37.67820020743211,500.0,0.0,100
embed_dim16,3,100,-228.694965129594,70.13563855489095,38.31228805355231,500.0,0.0,100
embed_dim16,4,4,-11.065299210619802,2.1779301444689434,3.446281021142689,57.61666666666667,1.0,100
embed_dim16,4,8,-17.11229917566913,2.121399382750193,1.309514855853437,90.06666666666666,1.0,100
embed_dim16,4,16,-21.19945049782594,2.747160851955414,1.4680273487931117,116.98333333333333,0.9833333333333333,100
embed_dim16,4,32,-26.237682338493567,2.1020809014638266,1.2998122577477866,128.96666666666667,1.0,100
embed_dim16,4,50,-28.62759962330262,2.1293684681256613,1.1014225827312716,140.51666666666668,1.0,100
embed_dim16,4,100,-36.290493628010154,2.110578187306722,0.5678654023595154,149.46666666666667,1.0,100
embed_dim16,5,4,-12.174543006749202,2.0644065260887148,0.7774168231058866,76.93333333333334,1.0,100
embed_dim16,5,8,-16.32303477921523,2.049123744169871,1.2732633109010445,102.4,1.0,100
embed_dim16,5,16,-20.495652063470335,2.0481162627538043,1.977106006233953,124.33333333333333,1.0,100
embed_dim16,5,32,-24.099394523135075,2.0298516551653543,3.46590517893128,138.71666666666667,1.0,100
embed_dim16,5,50,-26.613381023689485,2.0291478792826334,2.115861845681754,147.95,1.0,100
embed_dim16,5,100,-31.29331608178715,2.024441870053609,1.023366069880935,157.05,1.0,100
embed_dim32,1,4,-74.50423217030863,15.246212911605834,14.318716086943944,500.0,0.0,100
embed_dim32,1,8,-86.2388334248215,16.43188592592875,19.09654073342681,500.0,0.0,100
embed_dim32,1,16,-92.24191965423525,16.815087191263835,15.650823475420475,500.0,0.0,100
embed_dim32,1,32,-106.56628557493289,16.354998127619425,17.29736378664772,500.0,0.0,100
embed_dim32,1,50,-119.5682587556541,16.614544614156088,15.083028579394021,500.0,0.0,100
embed_dim32,1,100,-156.2709934314092,26.573589706420897,14.203922200868528,500.0,0.0,100
embed_dim32,2,4,-41.80412637265399,6.434045728047689,7.640190200010935,500.0,0.0,100
embed_dim32,2,8,-47.585597470464805,7.897775705655416,8.81155069321394,500.0,0.0,100
embed_dim32,2,16,-53.60974180859824,8.606748612721761,7.940872743229071,500.0,0.0,100
embed_dim32,2,32,-61.92652784710129,8.97597664197286,9.308768108983834,500.0,0.0,100
embed_dim32,2,50,-68.46216880170007,9.095400412877401,8.704867325782775,500.0,0.0,100
embed_dim32,2,100,-85.5298710608234,9.20557492574056,10.378664010216793,500.0,0.0,100
embed_dim32,3,4,-202.0692918462058,57.63620300292969,33.74214563767115,500.0,0.0,100
embed_dim32,3,8,-196.65690966298183,62.55878709157308,35.550749994814396,500.0,0.0,100
embed_dim32,3,16,-201.06491414258878,66.69131679534912,37.84240200916926,500.0,0.0,100
embed_dim32,3,32,-209.5618294770519,68.8596415201823,37.87839257785429,500.0,0.0,100
embed_dim32,3,50,-220.3945126687487,69.5055383046468,37.67130951793989,500.0,0.0,100
embed_dim32,3,100,-249.24654186417658,70.12144838968912,38.161089365626374,500.0,0.0,100
embed_dim32,4,4,-53.894546156252424,10.130214675267537,12.858161721130212,500.0,0.0,100
embed_dim32,4,8,-57.3121539975206,10.216422255833944,10.349986539781094,500.0,0.0,100
embed_dim32,4,16,-64.81653209694971,10.62184510231018,9.381207847595215,500.0,0.0,100
embed_dim32,4,32,-73.4279357291758,11.329824654261271,9.81447918266058,500.0,0.0,100
embed_dim32,4,50,-81.12277695474525,11.289952023824055,11.151106644272804,500.0,0.0,100
embed_dim32,4,100,-96.20511391734084,11.921942790349325,11.409375409247975,500.0,0.0,100
embed_dim32,5,4,-147.60408918373287,37.11530466079712,25.17639033695062,500.0,0.0,100
embed_dim32,5,8,-180.0587680357198,58.20731267929077,34.350798683365184,500.0,0.0,100
embed_dim32,5,16,-190.2430920948585,66.27687447865804,36.67255216389894,500.0,0.0,100
embed_dim32,5,32,-201.67743727018436,68.5725700378418,37.892485242585344,500.0,0.0,100
embed_dim32,5,50,-210.7940138205886,69.42670631408691,37.70225545402368,500.0,0.0,100
embed_dim32,5,100,-233.11957569171986,70.0273043314616,37.49931783654292,500.0,0.0,100
embed_dim4,1,4,-212.54514692798256,59.03309020996094,33.292587419350944,500.0,0.0,100
embed_dim4,1,8,-199.98502056201298,64.30300165812174,36.277642795195185,500.0,0.0,100
embed_dim4,1,16,-199.82721937199435,66.7530014038086,36.87573625048002,500.0,0.0,100
embed_dim4,1,32,-207.46299901952347,68.83485908508301,37.73077062241112,500.0,0.0,100
embed_dim4,1,50,-215.6563871761163,69.36334559122722,37.29422388702631,500.0,0.0,100
embed_dim4,1,100,-240.8882519637545,70.06946856180826,37.76530075859775,500.0,0.0,100
embed_dim4,2,4,-188.49392723379034,53.74166854222616,30.61572319120169,500.0,0.0,100
embed_dim4,2,8,-195.99283653075497,62.918166414896646,37.0320245988667,500.0,0.0,100
embed_dim4,2,16,-198.95616833964985,66.73837528228759,37.13936329235633,500.0,0.0,100
embed_dim4,2,32,-204.48769440799953,68.82394358317057,37.91416148977975,500.0,0.0,100
embed_dim4,2,50,-212.5741360326608,69.5681022644043,37.59597621794542,500.0,0.0,100
embed_dim4,2,100,-233.93445284267267,70.05250091552735,38.151482414479055,500.0,0.0,100
embed_dim4,3,4,-162.8776583886395,38.47474644978841,25.75549167394638,500.0,0.0,100
embed_dim4,3,8,-183.68275755147138,56.03654616673787,31.13125990368426,500.0,0.0,100
embed_dim4,3,16,-186.95066077609857,64.5390640894572,35.29123323125144,500.0,0.0,100
embed_dim4,3,32,-190.6663939456145,67.6792865117391,35.52999905543402,500.0,0.0,100
embed_dim4,3,50,-196.3030037810405,68.8673713684082,35.00158159617583,500.0,0.0,100
embed_dim4,3,100,-211.3169510692358,69.5417413075765,36.501359428604445,500.0,0.0,100
embed_dim4,4,4,-203.6090811389188,56.99254086812337,33.78066990375519,500.0,0.0,100
embed_dim4,4,8,-200.19926493167878,63.364658482869466,36.71517021929224,500.0,0.0,100
embed_dim4,4,16,-198.7703676591317,67.35885130564371,37.843781246555345,500.0,0.0,100
embed_dim4,4,32,-201.2128192310532,68.94463907877604,37.97028450469176,500.0,0.0,100
embed_dim4,4,50,-205.3323194781939,69.55190455118814,37.994791790589694,500.0,0.0,100
embed_dim4,4,100,-217.8263951887687,70.13893089294433,38.22889531410734,500.0,0.0,100
embed_dim4,5,4,-18.325606068968774,3.43116778532664,2.656417994822065,84.93333333333334,0.9666666666666667,100
embed_dim4,5,8,-21.72631637721012,2.916831608613332,1.829693404530796,112.95,0.9833333333333333,100
embed_dim4,5,16,-22.381910395792996,2.1617321610450744,1.1126227209831996,117.53333333333333,1.0,100
embed_dim4,5,32,-25.254413947680344,2.1111390829086303,0.39323660087878426,130.45,1.0,100
embed_dim4,5,50,-28.506963204871862,2.08070281346639,0.4442923222127138,148.83333333333334,1.0,100
embed_dim4,5,100,-36.10781855198244,2.0609924753506976,0.8331147285324794,165.85,1.0,100
embed_dim64,1,4,-8.204421928711236,2.3758933862050373,2.047554905083962,41.983333333333334,1.0,100
embed_dim64,1,8,-15.091096717088172,2.2780064423878987,0.9832953284572189,74.75,1.0,100
embed_dim64,1,16,-14.124796730699018,2.380328090985616,2.0956339093041607,73.48333333333333,1.0,100
embed_dim64,1,32,-19.476411779845755,2.2350709478060407,0.5180087902457066,91.9,1.0,100
embed_dim64,1,50,-19.966041382215916,2.2270262956619264,1.5865368034355343,90.78333333333333,1.0,100
embed_dim64,1,100,-23.973690842092036,2.2444175640741983,0.4933515262718623,98.11666666666666,1.0,100
embed_dim64,2,4,-14.811009030090645,2.4046855290730793,0.9905531155255933,208.36666666666667,0.7,100
embed_dim64,2,8,-21.107619059613594,2.9760101159413654,2.668008313141763,402.28333333333336,0.2833333333333333,100
embed_dim64,2,16,-29.085229274164885,3.1764812111854552,5.262342319218442,500.0,0.0,100
embed_dim64,2,32,-37.92560995394985,3.2498430530230205,2.6018123758335907,500.0,0.0,100
embed_dim64,2,50,-47.03025269421438,3.269000792503357,3.848174630423387,500.0,0.0,100
embed_dim64,2,100,-71.04476005819937,3.2859341899553933,2.2463203387657797,500.0,0.0,100
embed_dim64,3,4,-192.0305697652201,55.68402665456136,32.929930146535234,500.0,0.0,100
embed_dim64,3,8,-193.2722226281961,62.17536837259929,34.45648929004868,500.0,0.0,100
embed_dim64,3,16,-196.48129812975725,66.29202423095703,37.44908003757397,500.0,0.0,100
embed_dim64,3,32,-202.02110646267732,68.55630874633789,37.74388417598481,500.0,0.0,100
embed_dim64,3,50,-207.97724934965373,69.58724632263184,37.622853022376695,500.0,0.0,100
embed_dim64,3,100,-224.6138124143084,70.09729347229003,37.75154868069291,500.0,0.0,100
embed_dim64,4,4,-88.44043622116247,20.905405648549397,18.110790491104126,500.0,0.0,100
embed_dim64,4,8,-91.59351871112982,22.75473836263021,23.02606965402762,500.0,0.0,100
embed_dim64,4,16,-94.83621308083336,23.931184260050454,23.99014819562435,500.0,0.0,100
embed_dim64,4,32,-100.33536375363668,24.453509712219237,23.727888231383016,500.0,0.0,100
embed_dim64,4,50,-105.51398489673933,24.570744959513345,22.07010979346434,500.0,0.0,100
embed_dim64,4,100,-118.32851629133026,24.754575125376384,22.691299874149262,500.0,0.0,100
embed_dim64,5,4,-160.86755098390083,47.248201084136966,27.739378261441985,500.0,0.0,100
embed_dim64,5,8,-158.5386849887669,51.62691707611084,28.711208945761125,500.0,0.0,100
embed_dim64,5,16,-155.90463339512547,52.620884831746416,26.67964139903585,500.0,0.0,100
embed_dim64,5,32,-156.0693809847037,51.93280245463053,25.417916452884675,500.0,0.0,100
embed_dim64,5,50,-160.4916693640252,51.781915283203126,25.283269874895613,500.0,0.0,100
embed_dim64,5,100,-170.91074972351393,52.36738535563151,24.911287960143138,500.0,0.0,100
embed_dim8,1,4,-58.32317583978487,7.682310251394908,5.355942757800221,472.1166666666667,0.16666666666666666,100
embed_dim8,1,8,-94.40407165273403,22.719605203469595,18.07410867807145,500.0,0.0,100
embed_dim8,1,16,-108.69264410765221,29.88570878505707,25.531365061504765,500.0,0.0,100
embed_dim8,1,32,-117.75624089585617,30.833025542894998,24.102794398833066,500.0,0.0,100
embed_dim8,1,50,-128.0492634712408,33.37396300633748,23.646574709758163,500.0,0.0,100
embed_dim8,1,100,-151.41934053227305,33.80900710423787,24.6137366194725,500.0,0.0,100
embed_dim8,2,4,-51.33316705574592,9.194033861160278,8.066045462091763,500.0,0.0,100
embed_dim8,2,8,-54.167334829829635,9.735645310084026,12.231707695126534,500.0,0.0,100
embed_dim8,2,16,-58.27535401657224,9.906887865066528,11.563011914491653,500.0,0.0,100
embed_dim8,2,32,-66.64231927109262,9.992997233072916,12.44695254638791,500.0,0.0,100
embed_dim8,2,50,-73.29487147952119,10.02737898826599,11.400597277800243,500.0,0.0,100
embed_dim8,2,100,-91.51362099684775,10.05421355565389,11.438117406467597,500.0,0.0,100
embed_dim8,3,4,-190.70314260348678,53.31783097585042,33.53282804588477,500.0,0.0,100
embed_dim8,3,8,-194.94801054373383,62.91276378631592,36.17512278507153,500.0,0.0,100
embed_dim8,3,16,-197.74307317088048,66.6774450937907,37.006871453424296,500.0,0.0,100
embed_dim8,3,32,-204.6102816765507,68.89071210225423,37.75733429106573,500.0,0.0,100
embed_dim8,3,50,-211.93859088470538,69.42707862854004,37.83878600871563,500.0,0.0,100
embed_dim8,3,100,-232.70495779067278,69.99561958312988,38.042292039881154,500.0,0.0,100
embed_dim8,4,4,-197.07735172683994,56.81639207204183,33.03400622208913,500.0,0.0,100
embed_dim8,4,8,-195.13544309784967,64.34415950775147,35.92322016457717,500.0,0.0,100
embed_dim8,4,16,-198.34151406933864,67.26133499145507,36.56162303375701,500.0,0.0,100
embed_dim8,4,32,-201.10599274535974,68.91799558003744,37.523297030851246,500.0,0.0,100
embed_dim8,4,50,-206.66924051195383,69.69260520935059,37.8929768327872,500.0,0.0,100
embed_dim8,4,100,-220.7474551036954,70.14166971842448,38.21135377138853,500.0,0.0,100
embed_dim8,5,4,-14.315621654766922,2.0739290793736775,2.2229189154381555,93.28333333333333,1.0,100
embed_dim8,5,8,-28.28901309990324,3.1306238333384195,1.962370077210168,146.01666666666668,0.9833333333333333,100
embed_dim8,5,16,-29.620466859731824,2.0512872258822124,1.7820729815090697,157.58333333333334,1.0,100
embed_dim8,5,32,-35.31896036996817,2.767479681968689,1.6029807855995992,172.76666666666668,0.9833333333333333,100
embed_dim8,5,50,-38.72847993454585,2.0468746225039163,2.6636458714703717,175.65,1.0,100
embed_dim8,5,100,-49.637332174181935,2.0412150899569195,0.5604031349122525,189.38333333333333,1.0,100
