variant,train_size,test_size,delta_iqm,ci_low,ci_high
embed_dim128,4,4,0.0,0.0,0.0
embed_dim128,4,8,0.005787930028774091,0.0014038422333633171,0.04673633650520437
embed_dim128,4,16,0.0015662261750904645,-0.0018515666410188203,0.02411086665562423
embed_dim128,4,32,0.024413788307203903,-0.0011274624751479816,0.08150295653614219
embed_dim128,4,50,0.04559719370191573,-0.0004762894726195732,0.13878270228901293
embed_dim128,4,100,0.11156225869251746,0.006577034736000427,0.23894650274153728
embed_dim128,16,4,0.0004694770676291575,-0.001353974248665642,0.002579009548495992
embed_dim128,16,8,0.00024820065626263155,-0.002351227889671459,0.0025800050827438823
embed_dim128,16,16,0.0,0.0,0.0
embed_dim128,16,32,0.0011840868572485785,-0.00038728783704522485,0.0036912588499281216
embed_dim128,16,50,0.0020101535848596384,-0.0005084149879977332,0.004163631599770586
embed_dim128,16,100,0.002313667956004628,-0.0010836244530690136,0.006044927997390315
embed_dim128,50,4,-0.13580894957055709,-0.18198485303870401,-0.0765782657943515
embed_dim128,50,8,-0.07648333351661574,-0.1254344494284941,-0.01747153737880396
embed_dim128,50,16,-0.03611771589079338,-0.07404873904632181,-0.0015403400431074864
embed_dim128,50,32,-0.009422771433232854,-0.022162694844753972,0.005378456724678917
embed_dim128,50,50,0.0,0.0,0.0
embed_dim128,50,100,0.012236189249832977,-0.011333354147867276,0.053080535804864236
embed_dim128,100,4,-0.17352536787004882,-0.29164479977086194,-0.09382214952869437
embed_dim128,100,8,-0.12170686810540743,-0.20965595960786623,-0.03656462723336909
embed_dim128,100,16,-0.08898602001890225,-0.159084662983597,-0.014288174847581455
embed_dim128,100,32,-0.056320791938397154,-0.11161564661304206,0.001363473434156534
embed_dim128,100,50,-0.034757048996637674,-0.07038732512088892,0.0013654259069422702
embed_dim128,100,100,0.0,0.0,0.0
embed_dim16,4,4,0.0,0.0,0.0
embed_dim16,4,8,-0.0027984229542926675,-0.00380960983627913,0.011210597867266489
embed_dim16,4,16,0.005539310795105131,-0.003729642865848722,0.012516457750645879
embed_dim16,4,32,0.017924779135033025,0.0012504310324411942,0.07205808704000449
embed_dim16,4,50,0.045464933322340174,0.006106484347970749,0.12382626740240994
embed_dim16,4,100,0.1048517947488176,0.029481983226297064,0.24171592560743604
embed_dim16,16,4,0.0012644542690367262,-0.0022604826512137763,0.0018205281135159253
embed_dim16,16,8,-0.0005412555478543357,-0.0022976537732125233,0.0007893200558747685
embed_dim16,16,16,0.0,0.0,0.0
embed_dim16,16,32,0.0024943337373476058,0.0013049831341971723,0.003975974802752173
embed_dim16,16,50,0.0036760502128641757,0.0022431032445349905,0.005633010396164817
embed_dim16,16,100,0.0065943660500433765,0.002126283682169272,0.01362178560343615
embed_dim16,50,4,-0.09191420357599626,-0.1812500845213834,-0.028911464679509336
embed_dim16,50,8,-0.0613711243596764,-0.14415819162517726,-0.021029838865450217
embed_dim16,50,16,-0.03350490679940125,-0.08948598123120932,-0.014784344535419325
embed_dim16,50,32,-0.011640382278250186,-0.042968927550396274,-0.004234040070105823
embed_dim16,50,50,0.0,0.0,0.0
embed_dim16,50,100,0.02319563653102567,0.010027735314026268,0.06428313277809834
embed_dim16,100,4,-0.04585966190533473,-0.10448173526833526,-0.033043762285951246
embed_dim16,100,8,-0.01908453522945853,-0.06802246354476855,0.028622199899106016
embed_dim16,100,16,-0.011592245945167896,-0.03830718994257524,0.04166262751724583
embed_dim16,100,32,-0.005388160301637373,-0.019346360648956302,0.036610519826895026
embed_dim16,100,50,-0.0011893288473922828,-0.010996630051967196,0.02494096159091715
embed_dim16,100,100,0.0,0.0,0.0
embed_dim32,4,4,0.0,0.0,0.0
embed_dim32,4,8,0.026708013954938308,-0.0014754069789209383,0.050182880788169126
embed_dim32,4,16,0.013697334510660278,-0.0010739680676958112,0.030637576697324437
embed_dim32,4,32,0.049918763328312056,0.016447827799366155,0.07780827901909997
embed_dim32,4,50,0.1151434817816858,0.04127391815152467,0.13030883074892508
embed_dim32,4,100,0.21428037356079563,0.08587636676632508,0.2296794110083061
embed_dim32,16,4,0.001397472602589563,-0.0006705377630022991,0.0031917519381644555
embed_dim32,16,8,-0.0007516014517289967,-0.004522634907634271,0.0025815412600666368
embed_dim32,16,16,0.0,0.0,0.0
embed_dim32,16,32,0.004225908823688007,0.0013172914760098593,0.0066653351451660585
embed_dim32,16,50,0.005182211242939975,0.003182648282638515,0.0066454282064886865
embed_dim32,16,100,0.012250272662223042,0.006071030918578931,0.016382347538729063
embed_dim32,50,4,-0.025229730833217556,-0.05426214299082588,-0.010670012825332012
embed_dim32,50,8,-0.02031273571373508,-0.0394362885800722,-0.01305031644597987
embed_dim32,50,16,-0.011227651642043238,-0.024431399376169154,-0.00528764199619051
embed_dim32,50,32,-0.004990501305060217,-0.0094305629394598,-0.0011162450821647167
embed_dim32,50,50,0.0,0.0,0.0
embed_dim32,50,100,0.005187434585451604,-0.0033927670881989114,0.022256579581092024
embed_dim32,100,4,-0.16533650707841693,-0.2665259657285794,-0.07976056549203903
embed_dim32,100,8,-0.07433915413746683,-0.1763264730343824,-0.023370997202183594
embed_dim32,100,16,-0.042934708156424084,-0.12391184333009979,0.0016319460152428855
embed_dim32,100,32,-0.02481096050858141,-0.0809250791101482,0.01756539425975021
embed_dim32,100,50,-0.015346260220218491,-0.054971198908074594,0.014311139801777192
embed_dim32,100,100,0.0,0.0,0.0
embed_dim4,4,4,0.0,0.0,0.0
embed_dim4,4,8,0.004417154168915786,-0.0007320958829702962,0.006927427103372612
embed_dim4,4,16,0.004226029117511058,0.001958148572148488,0.04013749791220437
embed_dim4,4,32,0.007663095043997203,0.005027405771872662,0.07979346452442722
embed_dim4,4,50,0.011284289217254625,0.006405440058398826,0.1090168855882933
embed_dim4,4,100,0.034369624486645746,0.016146518068188603,0.1892903756974561
embed_dim4,16,4,-0.0006561246074669272,-0.005153093076026553,0.003659308705557233
embed_dim4,16,8,-0.003430434539836491,-0.006436338991835526,0.0009101113994040011
embed_dim4,16,16,0.0,0.0,0.0
embed_dim4,16,32,0.005758121163953652,0.002130722278745112,0.018533707192330533
embed_dim4,16,50,0.008964522984300838,0.003369997126685842,0.050901703011771104
embed_dim4,16,100,0.015240572642194769,-0.0008018076299438995,0.11123005908527277
embed_dim4,50,4,-0.07662166584582643,-0.1645135968471028,-0.04772058636018935
embed_dim4,50,8,-0.048718730930366085,-0.060180547275173364,-0.02761929022063166
embed_dim4,50,16,-0.025075460330147098,-0.04029252262458597,-0.01225807619298454
embed_dim4,50,32,-0.005919374439195894,-0.015703525522817063,-0.0003239130358146671
embed_dim4,50,50,0.0,0.0,0.0
embed_dim4,50,100,0.011609387689492405,-0.00619491576246504,0.04262922668425543
embed_dim4,100,4,-0.007163816004625542,-0.08545685670066396,0.0680787282123005
embed_dim4,100,8,0.04484414685222133,0.0009867071716667282,0.11236855223795657
embed_dim4,100,16,0.050830430603576025,-0.002777107971825423,0.10509473026685716
embed_dim4,100,32,0.041747365952126185,0.006200731025251147,0.08349688781939707
embed_dim4,100,50,0.029245354287550724,0.002984708366746903,0.05690521039915076
embed_dim4,100,100,0.0,0.0,0.0
embed_dim64,4,4,0.0,0.0,0.0
embed_dim64,4,8,0.004654110352313594,0.0011728711270377519,0.023541275561913173
embed_dim64,4,16,0.0006602792077256003,-0.0008927987386765368,0.008539144146529934
embed_dim64,4,32,0.019842679431608,0.0008689559397159948,0.06804491728014476
embed_dim64,4,50,0.04266167016906371,0.0025706979603109525,0.1329892465298805
embed_dim64,4,100,0.07869312973622682,0.009152058712536845,0.22870818673187854
embed_dim64,16,4,-0.0029050313554256357,-0.02906507995928224,0.0025403168833206813
embed_dim64,16,8,-0.005537281311306559,-0.017853002024698195,0.0016494842417570748
embed_dim64,16,16,0.0,0.0,0.0
embed_dim64,16,32,0.009524137207789071,0.00193827269231861,0.02363989745960963
embed_dim64,16,50,0.01582903041211377,0.0019161081368650468,0.057083252794060756
embed_dim64,16,100,0.025997684717869302,-0.001459966786557983,0.10085273520562861
embed_dim64,50,4,-0.06570744467539269,-0.1862861732338469,-0.005731261720602158
embed_dim64,50,8,-0.04562827599937865,-0.13920743911860553,-0.006739395118245173
embed_dim64,50,16,-0.030446898221972035,-0.09022620204029996,-0.0048904103221235245
embed_dim64,50,32,-0.006699034933231244,-0.021769589160459606,-0.0018001376804901437
embed_dim64,50,50,0.0,0.0,0.0
embed_dim64,50,100,0.01891225889388663,-0.000402929175835028,0.0896134847678574
embed_dim64,100,4,-0.012912404950229711,-0.14412967556589482,0.06083140476994523
embed_dim64,100,8,0.01754615255361694,-0.11946070136045302,0.09941871737707227
embed_dim64,100,16,0.028033124411731,-0.09252310624677189,0.08467290878767882
embed_dim64,100,32,0.025090506531404516,-0.07108537855197532,0.06709363295684835
embed_dim64,100,50,0.0184215829361426,-0.04513858000062051,0.043701106631388466
embed_dim64,100,100,0.0,0.0,0.0
embed_dim8,4,4,0.0,0.0,0.0
embed_dim8,4,8,0.01582646890194772,0.007499987933612544,0.04959347826270336
embed_dim8,4,16,0.027961964994588213,0.002138436152653448,0.056140956058286805
embed_dim8,4,32,0.05321790455360631,0.006755171358196921,0.11205679383003157
embed_dim8,4,50,0.06685832773076646,0.00909033323579822,0.15171458163114018
embed_dim8,4,100,0.1534925745580724,0.028410710784482134,0.24921742669911884
embed_dim8,16,4,0.00017166455146936746,-0.003496828706263592,0.0037378945174315614
embed_dim8,16,8,-0.0015589012453292028,-0.0034982353485681164,0.0008095923637944461
embed_dim8,16,16,0.0,0.0,0.0
embed_dim8,16,32,0.007196277342659818,0.0032454781828186174,0.010105452724206673
embed_dim8,16,50,0.008669253820207593,0.0023700146754895846,0.02706310997669729
embed_dim8,16,100,0.012547622848710693,0.0010957473472096302,0.11662716552075099
embed_dim8,50,4,-0.020842243893892942,-0.0755664589869377,0.020423579292887795
embed_dim8,50,8,-0.006737246172535312,-0.058232627473459475,0.05771306417024699
embed_dim8,50,16,-0.0009039581475090616,-0.04332266285222908,0.05118980225837368
embed_dim8,50,32,0.0037148473268155957,-0.016697695621520348,0.02934827210431802
embed_dim8,50,50,0.0,0.0,0.0
embed_dim8,50,100,-0.00843706496299823,-0.0629721488442708,0.04145517430374631
embed_dim8,100,4,-0.07678544872420497,-0.26329067669152745,0.03733520676999955
embed_dim8,100,8,-0.03906026842128768,-0.11390740032243722,0.08094394117985758
embed_dim8,100,16,-0.023044651130669582,-0.07319345136303095,0.07594025106176629
embed_dim8,100,32,-0.016752655436904212,-0.04797571943621911,0.06471256507619745
embed_dim8,100,50,-0.0033165301856202117,-0.03022260343482373,0.04406746085923541
embed_dim8,100,100,0.0,0.0,0.0
